AREA,SUB AREA,AGE GROUP,SEASON,WEEK,THRESHOLD,BASELINE,PERCENT I,PERCENT P&I,PERCENT PIC,NUM INFLUENZA DEATHS,NUM PNEUMONIA DEATHS,NUM COVID-19 DEATHS,TOTAL PIC,TOTAL DEATHS,PERCENT COMPLETE,Number of Influenza Associated Pediatric Deaths by Week of Death (data downloaded on 3/7/2025),NUM COVID-19 DEATHS
,,,,,,,,,,,,,,,,,"""""""""""""""""""""""""""""""""""""""""""""""""""""""""""""""771"""""""""""""""""""""""""""""""""""""""""""""""""""""""""""""""""""""""""""""""""""""""""""""""""""""""""""""""""""""""""""""""
,,,,,,,,,,,,,,,,,"""""""""""""""""""""""""""""""""""""""""""""""""""""""""""""""679"""""""""""""""""""""""""""""""""""""""""""""""""""""""""""""""""""""""""""""""""""""""""""""""""""""""""""""""""""""""""""""""
,,,,,,,,,,,,,,,,,"""""""""""""""""""""""""""""""""""""""""""""""""""""""""""""""708"""""""""""""""""""""""""""""""""""""""""""""""""""""""""""""""""""""""""""""""""""""""""""""""""""""""""""""""""""""""""""""""
,,,,,,,,,,,,,,,,,"""""""""""""""""""""""""""""""""""""""""""""""""""""""""""""""665"""""""""""""""""""""""""""""""""""""""""""""""""""""""""""""""""""""""""""""""""""""""""""""""""""""""""""""""""""""""""""""""
,,,,,,,,,,,,,,,,,"""""""""""""""""""""""""""""""""""""""""""""""""""""""""""""""600"""""""""""""""""""""""""""""""""""""""""""""""""""""""""""""""""""""""""""""""""""""""""""""""""""""""""""""""""""""""""""""""
,,,,,,,,,,,,,,,,,"""""""""""""""""""""""""""""""""""""""""""""""""""""""""""""""456"""""""""""""""""""""""""""""""""""""""""""""""""""""""""""""""""""""""""""""""""""""""""""""""""""""""""""""""""""""""""""""""
,,,,,,,,,,,,,,,,,"""""""""""""""""""""""""""""""""""""""""""""""""""""""""""""""462"""""""""""""""""""""""""""""""""""""""""""""""""""""""""""""""""""""""""""""""""""""""""""""""""""""""""""""""""""""""""""""""
,,,,,,,,,,,,,,,,,"""""""""""""""""""""""""""""""""""""""""""""""""""""""""""""""475"""""""""""""""""""""""""""""""""""""""""""""""""""""""""""""""""""""""""""""""""""""""""""""""""""""""""""""""""""""""""""""""
,,,,,,,,,,,,,,,,,"""""""""""""""""""""""""""""""""""""""""""""""""""""""""""""""536"""""""""""""""""""""""""""""""""""""""""""""""""""""""""""""""""""""""""""""""""""""""""""""""""""""""""""""""""""""""""""""""
,,,,,,,,,,,,,,,,,"""""""""""""""""""""""""""""""""""""""""""""""""""""""""""""""819"""""""""""""""""""""""""""""""""""""""""""""""""""""""""""""""""""""""""""""""""""""""""""""""""""""""""""""""""""""""""""""""
,,,,,,,,,,,,,,,,,"""""""""""""""""""""""""""""""""""""""""""""""""""""""""""""""109"""""""""""""""""""""""""""""""""""""""""""""""""""""""""""""""""""""""""""""""""""""""""""""""""""""""""""""""""""""""""""""""
,,,,,,,,,,,,,,,,,"""""""""""""""""""""""""""""""""""""""""""""""""""""""""""""""337"""""""""""""""""""""""""""""""""""""""""""""""""""""""""""""""""""""""""""""""""""""""""""""""""""""""""""""""""""""""""""""""
,,,,,,,,,,,,,,,,,"""""""""""""""""""""""""""""""""""""""""""""""""""""""""""""""426"""""""""""""""""""""""""""""""""""""""""""""""""""""""""""""""""""""""""""""""""""""""""""""""""""""""""""""""""""""""""""""""
,,,,,,,,,,,,,,,,,"""""""""""""""""""""""""""""""""""""""""""""""""""""""""""""""439"""""""""""""""""""""""""""""""""""""""""""""""""""""""""""""""""""""""""""""""""""""""""""""""""""""""""""""""""""""""""""""""
,,,,,,,,,,,,,,,,,"""""""""""""""""""""""""""""""""""""""""""""""""""""""""""""""984"""""""""""""""""""""""""""""""""""""""""""""""""""""""""""""""""""""""""""""""""""""""""""""""""""""""""""""""""""""""""""""""
,,,,,,,,,,,,,,,,,"""""""""""""""""""""""""""""""""""""""""""""""""""""""""""""""577"""""""""""""""""""""""""""""""""""""""""""""""""""""""""""""""""""""""""""""""""""""""""""""""""""""""""""""""""""""""""""""""
,,,,,,,,,,,,,,,,,"""""""""""""""""""""""""""""""""""""""""""""""""""""""""""""""386"""""""""""""""""""""""""""""""""""""""""""""""""""""""""""""""""""""""""""""""""""""""""""""""""""""""""""""""""""""""""""""""
,,,,,,,,,,,,,,,,,"""""""""""""""""""""""""""""""""""""""""""""""""""""""""""""""305"""""""""""""""""""""""""""""""""""""""""""""""""""""""""""""""""""""""""""""""""""""""""""""""""""""""""""""""""""""""""""""""
,,,,,,,,,,,,,,,,,"""""""""""""""""""""""""""""""""""""""""""""""""""""""""""""""140"""""""""""""""""""""""""""""""""""""""""""""""""""""""""""""""""""""""""""""""""""""""""""""""""""""""""""""""""""""""""""""""
,,,,,,,,,,,,,,,,,"""""""""""""""""""""""""""""""""""""""""""""""""""""""""""""""164"""""""""""""""""""""""""""""""""""""""""""""""""""""""""""""""""""""""""""""""""""""""""""""""""""""""""""""""""""""""""""""""
,,,,,,,,,,,,,,,,,"""""""""""""""""""""""""""""""""""""""""""""""""""""""""""""""775"""""""""""""""""""""""""""""""""""""""""""""""""""""""""""""""""""""""""""""""""""""""""""""""""""""""""""""""""""""""""""""""
,,,,,,,,,,,,,,,,,"""""""""""""""""""""""""""""""""""""""""""""""""""""""""""""""685"""""""""""""""""""""""""""""""""""""""""""""""""""""""""""""""""""""""""""""""""""""""""""""""""""""""""""""""""""""""""""""""
,,,,,,,,,,,,,,,,,"""""""""""""""""""""""""""""""""""""""""""""""""""""""""""""""541"""""""""""""""""""""""""""""""""""""""""""""""""""""""""""""""""""""""""""""""""""""""""""""""""""""""""""""""""""""""""""""""
,,,,,,,,,,,,,,,,,"""""""""""""""""""""""""""""""""""""""""""""""""""""""""""""""524"""""""""""""""""""""""""""""""""""""""""""""""""""""""""""""""""""""""""""""""""""""""""""""""""""""""""""""""""""""""""""""""
,,,,,,,,,,,,,,,,,"""""""""""""""""""""""""""""""""""""""""""""""""""""""""""""""457"""""""""""""""""""""""""""""""""""""""""""""""""""""""""""""""""""""""""""""""""""""""""""""""""""""""""""""""""""""""""""""""
,,,,,,,,,,,,,,,,,"""""""""""""""""""""""""""""""""""""""""""""""""""""""""""""""349"""""""""""""""""""""""""""""""""""""""""""""""""""""""""""""""""""""""""""""""""""""""""""""""""""""""""""""""""""""""""""""""
,,,,,,,,,,,,,,,,,"""""""""""""""""""""""""""""""""""""""""""""""""""""""""""""""298"""""""""""""""""""""""""""""""""""""""""""""""""""""""""""""""""""""""""""""""""""""""""""""""""""""""""""""""""""""""""""""""
,,,,,,,,,,,,,,,,,"""""""""""""""""""""""""""""""""""""""""""""""""""""""""""""""434"""""""""""""""""""""""""""""""""""""""""""""""""""""""""""""""""""""""""""""""""""""""""""""""""""""""""""""""""""""""""""""""
,,,,,,,,,,,,,,,,,"""""""""""""""""""""""""""""""""""""""""""""""""""""""""""""""351"""""""""""""""""""""""""""""""""""""""""""""""""""""""""""""""""""""""""""""""""""""""""""""""""""""""""""""""""""""""""""""""
,,,,,,,,,,,,,,,,,"""""""""""""""""""""""""""""""""""""""""""""""""""""""""""""""307"""""""""""""""""""""""""""""""""""""""""""""""""""""""""""""""""""""""""""""""""""""""""""""""""""""""""""""""""""""""""""""""
,,,,,,,,,,,,,,,,,"""""""""""""""""""""""""""""""""""""""""""""""""""""""""""""""431"""""""""""""""""""""""""""""""""""""""""""""""""""""""""""""""""""""""""""""""""""""""""""""""""""""""""""""""""""""""""""""""
,,,,,,,,,,,,,,,,,"""""""""""""""""""""""""""""""""""""""""""""""""""""""""""""""436"""""""""""""""""""""""""""""""""""""""""""""""""""""""""""""""""""""""""""""""""""""""""""""""""""""""""""""""""""""""""""""""
,,,,,,,,,,,,,,,,,"""""""""""""""""""""""""""""""""""""""""""""""""""""""""""""""490"""""""""""""""""""""""""""""""""""""""""""""""""""""""""""""""""""""""""""""""""""""""""""""""""""""""""""""""""""""""""""""""
,,,,,,,,,,,,,,,,,"""""""""""""""""""""""""""""""""""""""""""""""""""""""""""""""672"""""""""""""""""""""""""""""""""""""""""""""""""""""""""""""""""""""""""""""""""""""""""""""""""""""""""""""""""""""""""""""""
,,,,,,,,,,,,,,,,,"""""""""""""""""""""""""""""""""""""""""""""""""""""""""""""""765"""""""""""""""""""""""""""""""""""""""""""""""""""""""""""""""""""""""""""""""""""""""""""""""""""""""""""""""""""""""""""""""
,,,,,,,,,,,,,,,,,"""""""""""""""""""""""""""""""""""""""""""""""""""""""""""""""990"""""""""""""""""""""""""""""""""""""""""""""""""""""""""""""""""""""""""""""""""""""""""""""""""""""""""""""""""""""""""""""""
,,,,,,,,,,,,,,,,,"""""""""""""""""""""""""""""""""""""""""""""""""""""""""""""""936"""""""""""""""""""""""""""""""""""""""""""""""""""""""""""""""""""""""""""""""""""""""""""""""""""""""""""""""""""""""""""""""
,,,,,,,,,,,,,,,,,"""""""""""""""""""""""""""""""""""""""""""""""""""""""""""""""726"""""""""""""""""""""""""""""""""""""""""""""""""""""""""""""""""""""""""""""""""""""""""""""""""""""""""""""""""""""""""""""""
,,,,,,,,,,,,,,,,,"""""""""""""""""""""""""""""""""""""""""""""""""""""""""""""""747"""""""""""""""""""""""""""""""""""""""""""""""""""""""""""""""""""""""""""""""""""""""""""""""""""""""""""""""""""""""""""""""
,,,,,,,,,,,,,,,,,"""""""""""""""""""""""""""""""""""""""""""""""""""""""""""""""664"""""""""""""""""""""""""""""""""""""""""""""""""""""""""""""""""""""""""""""""""""""""""""""""""""""""""""""""""""""""""""""""
,,,,,,,,,,,,,,,,,"""""""""""""""""""""""""""""""""""""""""""""""""""""""""""""""627"""""""""""""""""""""""""""""""""""""""""""""""""""""""""""""""""""""""""""""""""""""""""""""""""""""""""""""""""""""""""""""""
,,,,,,,,,,,,,,,,,"""""""""""""""""""""""""""""""""""""""""""""""""""""""""""""""378"""""""""""""""""""""""""""""""""""""""""""""""""""""""""""""""""""""""""""""""""""""""""""""""""""""""""""""""""""""""""""""""
,,,,,,,,,,,,,,,,,"""""""""""""""""""""""""""""""""""""""""""""""""""""""""""""""253"""""""""""""""""""""""""""""""""""""""""""""""""""""""""""""""""""""""""""""""""""""""""""""""""""""""""""""""""""""""""""""""
,,,,,,,,,,,,,,,,,"""""""""""""""""""""""""""""""""""""""""""""""""""""""""""""""281"""""""""""""""""""""""""""""""""""""""""""""""""""""""""""""""""""""""""""""""""""""""""""""""""""""""""""""""""""""""""""""""
,,,,,,,,,,,,,,,,,"""""""""""""""""""""""""""""""""""""""""""""""""""""""""""""""221"""""""""""""""""""""""""""""""""""""""""""""""""""""""""""""""""""""""""""""""""""""""""""""""""""""""""""""""""""""""""""""""
,,,,,,,,,,,,,,,,,"""""""""""""""""""""""""""""""""""""""""""""""""""""""""""""""156"""""""""""""""""""""""""""""""""""""""""""""""""""""""""""""""""""""""""""""""""""""""""""""""""""""""""""""""""""""""""""""""
,,,,,,,,,,,,,,,,,"""""""""""""""""""""""""""""""""""""""""""""""""""""""""""""""196"""""""""""""""""""""""""""""""""""""""""""""""""""""""""""""""""""""""""""""""""""""""""""""""""""""""""""""""""""""""""""""""
,,,,,,,,,,,,,,,,,"""""""""""""""""""""""""""""""""""""""""""""""""""""""""""""""367"""""""""""""""""""""""""""""""""""""""""""""""""""""""""""""""""""""""""""""""""""""""""""""""""""""""""""""""""""""""""""""""
,,,,,,,,,,,,,,,,,"""""""""""""""""""""""""""""""""""""""""""""""""""""""""""""""448"""""""""""""""""""""""""""""""""""""""""""""""""""""""""""""""""""""""""""""""""""""""""""""""""""""""""""""""""""""""""""""""
,,,,,,,,,,,,,,,,,"""""""""""""""""""""""""""""""""""""""""""""""""""""""""""""""628"""""""""""""""""""""""""""""""""""""""""""""""""""""""""""""""""""""""""""""""""""""""""""""""""""""""""""""""""""""""""""""""
,,,,,,,,,,,,,,,,,"""""""""""""""""""""""""""""""""""""""""""""""""""""""""""""""731"""""""""""""""""""""""""""""""""""""""""""""""""""""""""""""""""""""""""""""""""""""""""""""""""""""""""""""""""""""""""""""""
,,,,,,,,,,,,,,,,,"""""""""""""""""""""""""""""""""""""""""""""""""""""""""""""""798"""""""""""""""""""""""""""""""""""""""""""""""""""""""""""""""""""""""""""""""""""""""""""""""""""""""""""""""""""""""""""""""
,,,,,,,,,,,,,,,,,"""""""""""""""""""""""""""""""""""""""""""""""""""""""""""""""010"""""""""""""""""""""""""""""""""""""""""""""""""""""""""""""""""""""""""""""""""""""""""""""""""""""""""""""""""""""""""""""""
,,,,,,,,,,,,,,,,,"""""""""""""""""""""""""""""""""""""""""""""""""""""""""""""""025"""""""""""""""""""""""""""""""""""""""""""""""""""""""""""""""""""""""""""""""""""""""""""""""""""""""""""""""""""""""""""""""
,,,,,,,,,,,,,,,,,"""""""""""""""""""""""""""""""""""""""""""""""""""""""""""""""959"""""""""""""""""""""""""""""""""""""""""""""""""""""""""""""""""""""""""""""""""""""""""""""""""""""""""""""""""""""""""""""""
,,,,,,,,,,,,,,,,,"""""""""""""""""""""""""""""""""""""""""""""""""""""""""""""""112"""""""""""""""""""""""""""""""""""""""""""""""""""""""""""""""""""""""""""""""""""""""""""""""""""""""""""""""""""""""""""""""
,,,,,,,,,,,,,,,,,"""""""""""""""""""""""""""""""""""""""""""""""""""""""""""""""145"""""""""""""""""""""""""""""""""""""""""""""""""""""""""""""""""""""""""""""""""""""""""""""""""""""""""""""""""""""""""""""""
,,,,,,,,,,,,,,,,,"""""""""""""""""""""""""""""""""""""""""""""""""""""""""""""""064"""""""""""""""""""""""""""""""""""""""""""""""""""""""""""""""""""""""""""""""""""""""""""""""""""""""""""""""""""""""""""""""
,,,,,,,,,,,,,,,,,"""""""""""""""""""""""""""""""""""""""""""""""""""""""""""""""063"""""""""""""""""""""""""""""""""""""""""""""""""""""""""""""""""""""""""""""""""""""""""""""""""""""""""""""""""""""""""""""""
,,,,,,,,,,,,,,,,,"""""""""""""""""""""""""""""""""""""""""""""""""""""""""""""""430"""""""""""""""""""""""""""""""""""""""""""""""""""""""""""""""""""""""""""""""""""""""""""""""""""""""""""""""""""""""""""""""
,,,,,,,,,,,,,,,,,"""""""""""""""""""""""""""""""""""""""""""""""""""""""""""""""591"""""""""""""""""""""""""""""""""""""""""""""""""""""""""""""""""""""""""""""""""""""""""""""""""""""""""""""""""""""""""""""""
,,,,,,,,,,,,,,,,,"""""""""""""""""""""""""""""""""""""""""""""""""""""""""""""""521"""""""""""""""""""""""""""""""""""""""""""""""""""""""""""""""""""""""""""""""""""""""""""""""""""""""""""""""""""""""""""""""
,,,,,,,,,,,,,,,,,"""""""""""""""""""""""""""""""""""""""""""""""""""""""""""""""742"""""""""""""""""""""""""""""""""""""""""""""""""""""""""""""""""""""""""""""""""""""""""""""""""""""""""""""""""""""""""""""""
,,,,,,,,,,,,,,,,,"""""""""""""""""""""""""""""""""""""""""""""""""""""""""""""""534"""""""""""""""""""""""""""""""""""""""""""""""""""""""""""""""""""""""""""""""""""""""""""""""""""""""""""""""""""""""""""""""
,,,,,,,,,,,,,,,,,"""""""""""""""""""""""""""""""""""""""""""""""""""""""""""""""609"""""""""""""""""""""""""""""""""""""""""""""""""""""""""""""""""""""""""""""""""""""""""""""""""""""""""""""""""""""""""""""""
,,,,,,,,,,,,,,,,,"""""""""""""""""""""""""""""""""""""""""""""""""""""""""""""""522"""""""""""""""""""""""""""""""""""""""""""""""""""""""""""""""""""""""""""""""""""""""""""""""""""""""""""""""""""""""""""""""
,,,,,,,,,,,,,,,,,"""""""""""""""""""""""""""""""""""""""""""""""""""""""""""""""406"""""""""""""""""""""""""""""""""""""""""""""""""""""""""""""""""""""""""""""""""""""""""""""""""""""""""""""""""""""""""""""""
,,,,,,,,,,,,,,,,,"""""""""""""""""""""""""""""""""""""""""""""""""""""""""""""""290"""""""""""""""""""""""""""""""""""""""""""""""""""""""""""""""""""""""""""""""""""""""""""""""""""""""""""""""""""""""""""""""
,,,,,,,,,,,,,,,,,"""""""""""""""""""""""""""""""""""""""""""""""""""""""""""""""338"""""""""""""""""""""""""""""""""""""""""""""""""""""""""""""""""""""""""""""""""""""""""""""""""""""""""""""""""""""""""""""""
,,,,,,,,,,,,,,,,,"""""""""""""""""""""""""""""""""""""""""""""""""""""""""""""""403"""""""""""""""""""""""""""""""""""""""""""""""""""""""""""""""""""""""""""""""""""""""""""""""""""""""""""""""""""""""""""""""
,,,,,,,,,,,,,,,,,"""""""""""""""""""""""""""""""""""""""""""""""""""""""""""""""280"""""""""""""""""""""""""""""""""""""""""""""""""""""""""""""""""""""""""""""""""""""""""""""""""""""""""""""""""""""""""""""""
,,,,,,,,,,,,,,,,,"""""""""""""""""""""""""""""""""""""""""""""""""""""""""""""""496"""""""""""""""""""""""""""""""""""""""""""""""""""""""""""""""""""""""""""""""""""""""""""""""""""""""""""""""""""""""""""""""
,,,,,,,,,,,,,,,,,"""""""""""""""""""""""""""""""""""""""""""""""""""""""""""""""625"""""""""""""""""""""""""""""""""""""""""""""""""""""""""""""""""""""""""""""""""""""""""""""""""""""""""""""""""""""""""""""""
,,,,,,,,,,,,,,,,,"""""""""""""""""""""""""""""""""""""""""""""""""""""""""""""""422"""""""""""""""""""""""""""""""""""""""""""""""""""""""""""""""""""""""""""""""""""""""""""""""""""""""""""""""""""""""""""""""
,,,,,,,,,,,,,,,,,"""""""""""""""""""""""""""""""""""""""""""""""""""""""""""""""980"""""""""""""""""""""""""""""""""""""""""""""""""""""""""""""""""""""""""""""""""""""""""""""""""""""""""""""""""""""""""""""""
,,,,,,,,,,,,,,,,,"""""""""""""""""""""""""""""""""""""""""""""""""""""""""""""""877"""""""""""""""""""""""""""""""""""""""""""""""""""""""""""""""""""""""""""""""""""""""""""""""""""""""""""""""""""""""""""""""
,,,,,,,,,,,,,,,,,"""""""""""""""""""""""""""""""""""""""""""""""""""""""""""""""007"""""""""""""""""""""""""""""""""""""""""""""""""""""""""""""""""""""""""""""""""""""""""""""""""""""""""""""""""""""""""""""""
,,,,,,,,,,,,,,,,,"""""""""""""""""""""""""""""""""""""""""""""""""""""""""""""""090"""""""""""""""""""""""""""""""""""""""""""""""""""""""""""""""""""""""""""""""""""""""""""""""""""""""""""""""""""""""""""""""
,,,,,,,,,,,,,,,,,"""""""""""""""""""""""""""""""""""""""""""""""""""""""""""""""029"""""""""""""""""""""""""""""""""""""""""""""""""""""""""""""""""""""""""""""""""""""""""""""""""""""""""""""""""""""""""""""""
,,,,,,,,,,,,,,,,,"""""""""""""""""""""""""""""""""""""""""""""""""""""""""""""""052"""""""""""""""""""""""""""""""""""""""""""""""""""""""""""""""""""""""""""""""""""""""""""""""""""""""""""""""""""""""""""""""
,,,,,,,,,,,,,,,,,"""""""""""""""""""""""""""""""""""""""""""""""""""""""""""""""169"""""""""""""""""""""""""""""""""""""""""""""""""""""""""""""""""""""""""""""""""""""""""""""""""""""""""""""""""""""""""""""""
,,,,,,,,,,,,,,,,,"""""""""""""""""""""""""""""""""""""""""""""""""""""""""""""""209"""""""""""""""""""""""""""""""""""""""""""""""""""""""""""""""""""""""""""""""""""""""""""""""""""""""""""""""""""""""""""""""
,,,,,,,,,,,,,,,,,"""""""""""""""""""""""""""""""""""""""""""""""""""""""""""""""326"""""""""""""""""""""""""""""""""""""""""""""""""""""""""""""""""""""""""""""""""""""""""""""""""""""""""""""""""""""""""""""""
,,,,,,,,,,,,,,,,,"""""""""""""""""""""""""""""""""""""""""""""""""""""""""""""""455"""""""""""""""""""""""""""""""""""""""""""""""""""""""""""""""""""""""""""""""""""""""""""""""""""""""""""""""""""""""""""""""
,,,,,,,,,,,,,,,,,"""""""""""""""""""""""""""""""""""""""""""""""""""""""""""""""604"""""""""""""""""""""""""""""""""""""""""""""""""""""""""""""""""""""""""""""""""""""""""""""""""""""""""""""""""""""""""""""""
,,,,,,,,,,,,,,,,,"""""""""""""""""""""""""""""""""""""""""""""""""""""""""""""""578"""""""""""""""""""""""""""""""""""""""""""""""""""""""""""""""""""""""""""""""""""""""""""""""""""""""""""""""""""""""""""""""
,,,,,,,,,,,,,,,,,"""""""""""""""""""""""""""""""""""""""""""""""""""""""""""""""777"""""""""""""""""""""""""""""""""""""""""""""""""""""""""""""""""""""""""""""""""""""""""""""""""""""""""""""""""""""""""""""""
,,,,,,,,,,,,,,,,,"""""""""""""""""""""""""""""""""""""""""""""""""""""""""""""""130"""""""""""""""""""""""""""""""""""""""""""""""""""""""""""""""""""""""""""""""""""""""""""""""""""""""""""""""""""""""""""""""
,,,,,,,,,,,,,,,,,"""""""""""""""""""""""""""""""""""""""""""""""""""""""""""""""315"""""""""""""""""""""""""""""""""""""""""""""""""""""""""""""""""""""""""""""""""""""""""""""""""""""""""""""""""""""""""""""""
,,,,,,,,,,,,,,,,,"""""""""""""""""""""""""""""""""""""""""""""""""""""""""""""""344"""""""""""""""""""""""""""""""""""""""""""""""""""""""""""""""""""""""""""""""""""""""""""""""""""""""""""""""""""""""""""""""
,,,,,,,,,,,,,,,,,"""""""""""""""""""""""""""""""""""""""""""""""""""""""""""""""175"""""""""""""""""""""""""""""""""""""""""""""""""""""""""""""""""""""""""""""""""""""""""""""""""""""""""""""""""""""""""""""""
,,,,,,,,,,,,,,,,,"""""""""""""""""""""""""""""""""""""""""""""""""""""""""""""""220"""""""""""""""""""""""""""""""""""""""""""""""""""""""""""""""""""""""""""""""""""""""""""""""""""""""""""""""""""""""""""""""
,,,,,,,,,,,,,,,,,"""""""""""""""""""""""""""""""""""""""""""""""""""""""""""""""258"""""""""""""""""""""""""""""""""""""""""""""""""""""""""""""""""""""""""""""""""""""""""""""""""""""""""""""""""""""""""""""""
,,,,,,,,,,,,,,,,,"""""""""""""""""""""""""""""""""""""""""""""""""""""""""""""""379"""""""""""""""""""""""""""""""""""""""""""""""""""""""""""""""""""""""""""""""""""""""""""""""""""""""""""""""""""""""""""""""
,,,,,,,,,,,,,,,,,"""""""""""""""""""""""""""""""""""""""""""""""""""""""""""""""461"""""""""""""""""""""""""""""""""""""""""""""""""""""""""""""""""""""""""""""""""""""""""""""""""""""""""""""""""""""""""""""""
,,,,,,,,,,,,,,,,,"""""""""""""""""""""""""""""""""""""""""""""""""""""""""""""""274"""""""""""""""""""""""""""""""""""""""""""""""""""""""""""""""""""""""""""""""""""""""""""""""""""""""""""""""""""""""""""""""
,,,,,,,,,,,,,,,,,"""""""""""""""""""""""""""""""""""""""""""""""""""""""""""""""295"""""""""""""""""""""""""""""""""""""""""""""""""""""""""""""""""""""""""""""""""""""""""""""""""""""""""""""""""""""""""""""""
,,,,,,,,,,,,,,,,,"""""""""""""""""""""""""""""""""""""""""""""""""""""""""""""""489"""""""""""""""""""""""""""""""""""""""""""""""""""""""""""""""""""""""""""""""""""""""""""""""""""""""""""""""""""""""""""""""
,,,,,,,,,,,,,,,,,"""""""""""""""""""""""""""""""""""""""""""""""""""""""""""""""277"""""""""""""""""""""""""""""""""""""""""""""""""""""""""""""""""""""""""""""""""""""""""""""""""""""""""""""""""""""""""""""""
,,,,,,,,,,,,,,,,,"""""""""""""""""""""""""""""""""""""""""""""""""""""""""""""""173"""""""""""""""""""""""""""""""""""""""""""""""""""""""""""""""""""""""""""""""""""""""""""""""""""""""""""""""""""""""""""""""
,,,,,,,,,,,,,,,,,"""""""""""""""""""""""""""""""""""""""""""""""""""""""""""""""973"""""""""""""""""""""""""""""""""""""""""""""""""""""""""""""""""""""""""""""""""""""""""""""""""""""""""""""""""""""""""""""""
,,,,,,,,,,,,,,,,,"""""""""""""""""""""""""""""""""""""""""""""""""""""""""""""""753"""""""""""""""""""""""""""""""""""""""""""""""""""""""""""""""""""""""""""""""""""""""""""""""""""""""""""""""""""""""""""""""
,,,,,,,,,,,,,,,,,"""""""""""""""""""""""""""""""""""""""""""""""""""""""""""""""616"""""""""""""""""""""""""""""""""""""""""""""""""""""""""""""""""""""""""""""""""""""""""""""""""""""""""""""""""""""""""""""""
,,,,,,,,,,,,,,,,,"""""""""""""""""""""""""""""""""""""""""""""""""""""""""""""""429"""""""""""""""""""""""""""""""""""""""""""""""""""""""""""""""""""""""""""""""""""""""""""""""""""""""""""""""""""""""""""""""
,,,,,,,,,,,,,,,,,"""""""""""""""""""""""""""""""""""""""""""""""""""""""""""""""320"""""""""""""""""""""""""""""""""""""""""""""""""""""""""""""""""""""""""""""""""""""""""""""""""""""""""""""""""""""""""""""""
,,,,,,,,,,,,,,,,,"""""""""""""""""""""""""""""""""""""""""""""""""""""""""""""""297"""""""""""""""""""""""""""""""""""""""""""""""""""""""""""""""""""""""""""""""""""""""""""""""""""""""""""""""""""""""""""""""
,,,,,,,,,,,,,,,,,"""""""""""""""""""""""""""""""""""""""""""""""""""""""""""""""179"""""""""""""""""""""""""""""""""""""""""""""""""""""""""""""""""""""""""""""""""""""""""""""""""""""""""""""""""""""""""""""""
,,,,,,,,,,,,,,,,,"""""""""""""""""""""""""""""""""""""""""""""""""""""""""""""""146"""""""""""""""""""""""""""""""""""""""""""""""""""""""""""""""""""""""""""""""""""""""""""""""""""""""""""""""""""""""""""""""
,,,,,,,,,,,,,,,,,"""""""""""""""""""""""""""""""""""""""""""""""""""""""""""""""066"""""""""""""""""""""""""""""""""""""""""""""""""""""""""""""""""""""""""""""""""""""""""""""""""""""""""""""""""""""""""""""""
,,,,,,,,,,,,,,,,,"""""""""""""""""""""""""""""""""""""""""""""""""""""""""""""""950"""""""""""""""""""""""""""""""""""""""""""""""""""""""""""""""""""""""""""""""""""""""""""""""""""""""""""""""""""""""""""""""
,,,,,,,,,,,,,,,,,"""""""""""""""""""""""""""""""""""""""""""""""""""""""""""""""965"""""""""""""""""""""""""""""""""""""""""""""""""""""""""""""""""""""""""""""""""""""""""""""""""""""""""""""""""""""""""""""""
,,,,,,,,,,,,,,,,,"""""""""""""""""""""""""""""""""""""""""""""""""""""""""""""""913"""""""""""""""""""""""""""""""""""""""""""""""""""""""""""""""""""""""""""""""""""""""""""""""""""""""""""""""""""""""""""""""
,,,,,,,,,,,,,,,,,"""""""""""""""""""""""""""""""""""""""""""""""""""""""""""""""781"""""""""""""""""""""""""""""""""""""""""""""""""""""""""""""""""""""""""""""""""""""""""""""""""""""""""""""""""""""""""""""""
,,,,,,,,,,,,,,,,,"""""""""""""""""""""""""""""""""""""""""""""""""""""""""""""""684"""""""""""""""""""""""""""""""""""""""""""""""""""""""""""""""""""""""""""""""""""""""""""""""""""""""""""""""""""""""""""""""
,,,,,,,,,,,,,,,,,"""""""""""""""""""""""""""""""""""""""""""""""""""""""""""""""770"""""""""""""""""""""""""""""""""""""""""""""""""""""""""""""""""""""""""""""""""""""""""""""""""""""""""""""""""""""""""""""""
,,,,,,,,,,,,,,,,,"""""""""""""""""""""""""""""""""""""""""""""""""""""""""""""""743"""""""""""""""""""""""""""""""""""""""""""""""""""""""""""""""""""""""""""""""""""""""""""""""""""""""""""""""""""""""""""""""
,,,,,,,,,,,,,,,,,"""""""""""""""""""""""""""""""""""""""""""""""""""""""""""""""652"""""""""""""""""""""""""""""""""""""""""""""""""""""""""""""""""""""""""""""""""""""""""""""""""""""""""""""""""""""""""""""""
,,,,,,,,,,,,,,,,,"""""""""""""""""""""""""""""""""""""""""""""""""""""""""""""""608"""""""""""""""""""""""""""""""""""""""""""""""""""""""""""""""""""""""""""""""""""""""""""""""""""""""""""""""""""""""""""""""
,,,,,,,,,,,,,,,,,"""""""""""""""""""""""""""""""""""""""""""""""""""""""""""""""631"""""""""""""""""""""""""""""""""""""""""""""""""""""""""""""""""""""""""""""""""""""""""""""""""""""""""""""""""""""""""""""""
,,,,,,,,,,,,,,,,,"""""""""""""""""""""""""""""""""""""""""""""""""""""""""""""""595"""""""""""""""""""""""""""""""""""""""""""""""""""""""""""""""""""""""""""""""""""""""""""""""""""""""""""""""""""""""""""""""
,,,,,,,,,,,,,,,,,"""""""""""""""""""""""""""""""""""""""""""""""""""""""""""""""531"""""""""""""""""""""""""""""""""""""""""""""""""""""""""""""""""""""""""""""""""""""""""""""""""""""""""""""""""""""""""""""""
,,,,,,,,,,,,,,,,,"""""""""""""""""""""""""""""""""""""""""""""""""""""""""""""""723"""""""""""""""""""""""""""""""""""""""""""""""""""""""""""""""""""""""""""""""""""""""""""""""""""""""""""""""""""""""""""""""
,,,,,,,,,,,,,,,,,"""""""""""""""""""""""""""""""""""""""""""""""""""""""""""""""796"""""""""""""""""""""""""""""""""""""""""""""""""""""""""""""""""""""""""""""""""""""""""""""""""""""""""""""""""""""""""""""""
,,,,,,,,,,,,,,,,,"""""""""""""""""""""""""""""""""""""""""""""""""""""""""""""""038"""""""""""""""""""""""""""""""""""""""""""""""""""""""""""""""""""""""""""""""""""""""""""""""""""""""""""""""""""""""""""""""
,,,,,,,,,,,,,,,,,"""""""""""""""""""""""""""""""""""""""""""""""""""""""""""""""019"""""""""""""""""""""""""""""""""""""""""""""""""""""""""""""""""""""""""""""""""""""""""""""""""""""""""""""""""""""""""""""""
,,,,,,,,,,,,,,,,,"""""""""""""""""""""""""""""""""""""""""""""""""""""""""""""""184"""""""""""""""""""""""""""""""""""""""""""""""""""""""""""""""""""""""""""""""""""""""""""""""""""""""""""""""""""""""""""""""
,,,,,,,,,,,,,,,,,"""""""""""""""""""""""""""""""""""""""""""""""""""""""""""""""302"""""""""""""""""""""""""""""""""""""""""""""""""""""""""""""""""""""""""""""""""""""""""""""""""""""""""""""""""""""""""""""""
,,,,,,,,,,,,,,,,,"""""""""""""""""""""""""""""""""""""""""""""""""""""""""""""""251"""""""""""""""""""""""""""""""""""""""""""""""""""""""""""""""""""""""""""""""""""""""""""""""""""""""""""""""""""""""""""""""
,,,,,,,,,,,,,,,,,"""""""""""""""""""""""""""""""""""""""""""""""""""""""""""""""225"""""""""""""""""""""""""""""""""""""""""""""""""""""""""""""""""""""""""""""""""""""""""""""""""""""""""""""""""""""""""""""""
,,,,,,,,,,,,,,,,,"""""""""""""""""""""""""""""""""""""""""""""""""""""""""""""""365"""""""""""""""""""""""""""""""""""""""""""""""""""""""""""""""""""""""""""""""""""""""""""""""""""""""""""""""""""""""""""""""
,,,,,,,,,,,,,,,,,"""""""""""""""""""""""""""""""""""""""""""""""""""""""""""""""250"""""""""""""""""""""""""""""""""""""""""""""""""""""""""""""""""""""""""""""""""""""""""""""""""""""""""""""""""""""""""""""""
,,,,,,,,,,,,,,,,,"""""""""""""""""""""""""""""""""""""""""""""""""""""""""""""""576"""""""""""""""""""""""""""""""""""""""""""""""""""""""""""""""""""""""""""""""""""""""""""""""""""""""""""""""""""""""""""""""
,,,,,,,,,,,,,,,,,"""""""""""""""""""""""""""""""""""""""""""""""""""""""""""""""646"""""""""""""""""""""""""""""""""""""""""""""""""""""""""""""""""""""""""""""""""""""""""""""""""""""""""""""""""""""""""""""""
,,,,,,,,,,,,,,,,,"""""""""""""""""""""""""""""""""""""""""""""""""""""""""""""""924"""""""""""""""""""""""""""""""""""""""""""""""""""""""""""""""""""""""""""""""""""""""""""""""""""""""""""""""""""""""""""""""
,,,,,,,,,,,,,,,,,"""""""""""""""""""""""""""""""""""""""""""""""""""""""""""""""346"""""""""""""""""""""""""""""""""""""""""""""""""""""""""""""""""""""""""""""""""""""""""""""""""""""""""""""""""""""""""""""""
,,,,,,,,,,,,,,,,,"""""""""""""""""""""""""""""""""""""""""""""""""""""""""""""""089"""""""""""""""""""""""""""""""""""""""""""""""""""""""""""""""""""""""""""""""""""""""""""""""""""""""""""""""""""""""""""""""
,,,,,,,,,,,,,,,,,"""""""""""""""""""""""""""""""""""""""""""""""""""""""""""""""318"""""""""""""""""""""""""""""""""""""""""""""""""""""""""""""""""""""""""""""""""""""""""""""""""""""""""""""""""""""""""""""""
,,,,,,,,,,,,,,,,,"""""""""""""""""""""""""""""""""""""""""""""""""""""""""""""""782"""""""""""""""""""""""""""""""""""""""""""""""""""""""""""""""""""""""""""""""""""""""""""""""""""""""""""""""""""""""""""""""
,,,,,,,,,,,,,,,,,"""""""""""""""""""""""""""""""""""""""""""""""""""""""""""""""568"""""""""""""""""""""""""""""""""""""""""""""""""""""""""""""""""""""""""""""""""""""""""""""""""""""""""""""""""""""""""""""""
,,,,,,,,,,,,,,,,,"""""""""""""""""""""""""""""""""""""""""""""""""""""""""""""""138"""""""""""""""""""""""""""""""""""""""""""""""""""""""""""""""""""""""""""""""""""""""""""""""""""""""""""""""""""""""""""""""
,,,,,,,,,,,,,,,,,"""""""""""""""""""""""""""""""""""""""""""""""""""""""""""""""998"""""""""""""""""""""""""""""""""""""""""""""""""""""""""""""""""""""""""""""""""""""""""""""""""""""""""""""""""""""""""""""""
,,,,,,,,,,,,,,,,,"""""""""""""""""""""""""""""""""""""""""""""""""""""""""""""""804"""""""""""""""""""""""""""""""""""""""""""""""""""""""""""""""""""""""""""""""""""""""""""""""""""""""""""""""""""""""""""""""
,,,,,,,,,,,,,,,,,"""""""""""""""""""""""""""""""""""""""""""""""""""""""""""""""583"""""""""""""""""""""""""""""""""""""""""""""""""""""""""""""""""""""""""""""""""""""""""""""""""""""""""""""""""""""""""""""""
,,,,,,,,,,,,,,,,,"""""""""""""""""""""""""""""""""""""""""""""""""""""""""""""""514"""""""""""""""""""""""""""""""""""""""""""""""""""""""""""""""""""""""""""""""""""""""""""""""""""""""""""""""""""""""""""""""
,,,,,,,,,,,,,,,,,"""""""""""""""""""""""""""""""""""""""""""""""""""""""""""""""304"""""""""""""""""""""""""""""""""""""""""""""""""""""""""""""""""""""""""""""""""""""""""""""""""""""""""""""""""""""""""""""""
,,,,,,,,,,,,,,,,,"""""""""""""""""""""""""""""""""""""""""""""""""""""""""""""""086"""""""""""""""""""""""""""""""""""""""""""""""""""""""""""""""""""""""""""""""""""""""""""""""""""""""""""""""""""""""""""""""
,,,,,,,,,,,,,,,,,"""""""""""""""""""""""""""""""""""""""""""""""""""""""""""""""977"""""""""""""""""""""""""""""""""""""""""""""""""""""""""""""""""""""""""""""""""""""""""""""""""""""""""""""""""""""""""""""""
,,,,,,,,,,,,,,,,,"""""""""""""""""""""""""""""""""""""""""""""""""""""""""""""""931"""""""""""""""""""""""""""""""""""""""""""""""""""""""""""""""""""""""""""""""""""""""""""""""""""""""""""""""""""""""""""""""
,,,,,,,,,,,,,,,,,"""""""""""""""""""""""""""""""""""""""""""""""""""""""""""""""922"""""""""""""""""""""""""""""""""""""""""""""""""""""""""""""""""""""""""""""""""""""""""""""""""""""""""""""""""""""""""""""""
,,,,,,,,,,,,,,,,,"""""""""""""""""""""""""""""""""""""""""""""""""""""""""""""""949"""""""""""""""""""""""""""""""""""""""""""""""""""""""""""""""""""""""""""""""""""""""""""""""""""""""""""""""""""""""""""""""
,,,,,,,,,,,,,,,,,"""""""""""""""""""""""""""""""""""""""""""""""""""""""""""""""873"""""""""""""""""""""""""""""""""""""""""""""""""""""""""""""""""""""""""""""""""""""""""""""""""""""""""""""""""""""""""""""""
,,,,,,,,,,,,,,,,,"""""""""""""""""""""""""""""""""""""""""""""""""""""""""""""""779"""""""""""""""""""""""""""""""""""""""""""""""""""""""""""""""""""""""""""""""""""""""""""""""""""""""""""""""""""""""""""""""
,,,,,,,,,,,,,,,,,"""""""""""""""""""""""""""""""""""""""""""""""""""""""""""""""786"""""""""""""""""""""""""""""""""""""""""""""""""""""""""""""""""""""""""""""""""""""""""""""""""""""""""""""""""""""""""""""""
,,,,,,,,,,,,,,,,,"""""""""""""""""""""""""""""""""""""""""""""""""""""""""""""""714"""""""""""""""""""""""""""""""""""""""""""""""""""""""""""""""""""""""""""""""""""""""""""""""""""""""""""""""""""""""""""""""
,,,,,,,,,,,,,,,,,"""""""""""""""""""""""""""""""""""""""""""""""""""""""""""""""712"""""""""""""""""""""""""""""""""""""""""""""""""""""""""""""""""""""""""""""""""""""""""""""""""""""""""""""""""""""""""""""""
,,,,,,,,,,,,,,,,,"""""""""""""""""""""""""""""""""""""""""""""""""""""""""""""""683"""""""""""""""""""""""""""""""""""""""""""""""""""""""""""""""""""""""""""""""""""""""""""""""""""""""""""""""""""""""""""""""
,,,,,,,,,,,,,,,,,"""""""""""""""""""""""""""""""""""""""""""""""""""""""""""""""621"""""""""""""""""""""""""""""""""""""""""""""""""""""""""""""""""""""""""""""""""""""""""""""""""""""""""""""""""""""""""""""""
,,,,,,,,,,,,,,,,,"""""""""""""""""""""""""""""""""""""""""""""""""""""""""""""""636"""""""""""""""""""""""""""""""""""""""""""""""""""""""""""""""""""""""""""""""""""""""""""""""""""""""""""""""""""""""""""""""
,,,,,,,,,,,,,,,,,"""""""""""""""""""""""""""""""""""""""""""""""""""""""""""""""755"""""""""""""""""""""""""""""""""""""""""""""""""""""""""""""""""""""""""""""""""""""""""""""""""""""""""""""""""""""""""""""""
,,,,,,,,,,,,,,,,,"""""""""""""""""""""""""""""""""""""""""""""""""""""""""""""""769"""""""""""""""""""""""""""""""""""""""""""""""""""""""""""""""""""""""""""""""""""""""""""""""""""""""""""""""""""""""""""""""
,,,,,,,,,,,,,,,,,"""""""""""""""""""""""""""""""""""""""""""""""""""""""""""""""830"""""""""""""""""""""""""""""""""""""""""""""""""""""""""""""""""""""""""""""""""""""""""""""""""""""""""""""""""""""""""""""""
,,,,,,,,,,,,,,,,,"""""""""""""""""""""""""""""""""""""""""""""""""""""""""""""""828"""""""""""""""""""""""""""""""""""""""""""""""""""""""""""""""""""""""""""""""""""""""""""""""""""""""""""""""""""""""""""""""
,,,,,,,,,,,,,,,,,"""""""""""""""""""""""""""""""""""""""""""""""""""""""""""""""073"""""""""""""""""""""""""""""""""""""""""""""""""""""""""""""""""""""""""""""""""""""""""""""""""""""""""""""""""""""""""""""""
,,,,,,,,,,,,,,,,,"""""""""""""""""""""""""""""""""""""""""""""""""""""""""""""""388"""""""""""""""""""""""""""""""""""""""""""""""""""""""""""""""""""""""""""""""""""""""""""""""""""""""""""""""""""""""""""""""
,,,,,,,,,,,,,,,,,"""""""""""""""""""""""""""""""""""""""""""""""""""""""""""""""193"""""""""""""""""""""""""""""""""""""""""""""""""""""""""""""""""""""""""""""""""""""""""""""""""""""""""""""""""""""""""""""""
,,,,,,,,,,,,,,,,,"""""""""""""""""""""""""""""""""""""""""""""""""""""""""""""""148"""""""""""""""""""""""""""""""""""""""""""""""""""""""""""""""""""""""""""""""""""""""""""""""""""""""""""""""""""""""""""""""
,,,,,,,,,,,,,,,,,"""""""""""""""""""""""""""""""""""""""""""""""""""""""""""""""423"""""""""""""""""""""""""""""""""""""""""""""""""""""""""""""""""""""""""""""""""""""""""""""""""""""""""""""""""""""""""""""""
,,,,,,,,,,,,,,,,,"""""""""""""""""""""""""""""""""""""""""""""""""""""""""""""""395"""""""""""""""""""""""""""""""""""""""""""""""""""""""""""""""""""""""""""""""""""""""""""""""""""""""""""""""""""""""""""""""
,,,,,,,,,,,,,,,,,"""""""""""""""""""""""""""""""""""""""""""""""""""""""""""""""192"""""""""""""""""""""""""""""""""""""""""""""""""""""""""""""""""""""""""""""""""""""""""""""""""""""""""""""""""""""""""""""""
,,,,,,,,,,,,,,,,,"""""""""""""""""""""""""""""""""""""""""""""""""""""""""""""""""""""""""""""""""""""""""""""""""""""""""""""""""""""""""""""""17"""""""""""""""""""""""""""""""""""""""""""""""""""""""""""""""
,,,,,,,,,,,,,,,,,"""""""""""""""""""""""""""""""""""""""""""""""""""""""""""""""194"""""""""""""""""""""""""""""""""""""""""""""""""""""""""""""""""""""""""""""""""""""""""""""""""""""""""""""""""""""""""""""""
,,,,,,,,,,,,,,,,,"""""""""""""""""""""""""""""""""""""""""""""""""""""""""""""""278"""""""""""""""""""""""""""""""""""""""""""""""""""""""""""""""""""""""""""""""""""""""""""""""""""""""""""""""""""""""""""""""
,,,,,,,,,,,,,,,,,"""""""""""""""""""""""""""""""""""""""""""""""""""""""""""""""321"""""""""""""""""""""""""""""""""""""""""""""""""""""""""""""""""""""""""""""""""""""""""""""""""""""""""""""""""""""""""""""""
,,,,,,,,,,,,,,,,,"""""""""""""""""""""""""""""""""""""""""""""""""""""""""""""""590"""""""""""""""""""""""""""""""""""""""""""""""""""""""""""""""""""""""""""""""""""""""""""""""""""""""""""""""""""""""""""""""
,,,,,,,,,,,,,,,,,"""""""""""""""""""""""""""""""""""""""""""""""""""""""""""""""261"""""""""""""""""""""""""""""""""""""""""""""""""""""""""""""""""""""""""""""""""""""""""""""""""""""""""""""""""""""""""""""""
,,,,,,,,,,,,,,,,,"""""""""""""""""""""""""""""""""""""""""""""""""""""""""""""""526"""""""""""""""""""""""""""""""""""""""""""""""""""""""""""""""""""""""""""""""""""""""""""""""""""""""""""""""""""""""""""""""
,,,,,,,,,,,,,,,,,"""""""""""""""""""""""""""""""""""""""""""""""""""""""""""""""198"""""""""""""""""""""""""""""""""""""""""""""""""""""""""""""""""""""""""""""""""""""""""""""""""""""""""""""""""""""""""""""""
,,,,,,,,,,,,,,,,,"""""""""""""""""""""""""""""""""""""""""""""""""""""""""""""""859"""""""""""""""""""""""""""""""""""""""""""""""""""""""""""""""""""""""""""""""""""""""""""""""""""""""""""""""""""""""""""""""
,,,,,,,,,,,,,,,,,"""""""""""""""""""""""""""""""""""""""""""""""""""""""""""""""964"""""""""""""""""""""""""""""""""""""""""""""""""""""""""""""""""""""""""""""""""""""""""""""""""""""""""""""""""""""""""""""""
,,,,,,,,,,,,,,,,,"""""""""""""""""""""""""""""""""""""""""""""""""""""""""""""""974"""""""""""""""""""""""""""""""""""""""""""""""""""""""""""""""""""""""""""""""""""""""""""""""""""""""""""""""""""""""""""""""
,,,,,,,,,,,,,,,,,"""""""""""""""""""""""""""""""""""""""""""""""""""""""""""""""794"""""""""""""""""""""""""""""""""""""""""""""""""""""""""""""""""""""""""""""""""""""""""""""""""""""""""""""""""""""""""""""""
,,,,,,,,,,,,,,,,,"""""""""""""""""""""""""""""""""""""""""""""""""""""""""""""""695"""""""""""""""""""""""""""""""""""""""""""""""""""""""""""""""""""""""""""""""""""""""""""""""""""""""""""""""""""""""""""""""
,,,,,,,,,,,,,,,,,"""""""""""""""""""""""""""""""""""""""""""""""""""""""""""""""476"""""""""""""""""""""""""""""""""""""""""""""""""""""""""""""""""""""""""""""""""""""""""""""""""""""""""""""""""""""""""""""""
,,,,,,,,,,,,,,,,,"""""""""""""""""""""""""""""""""""""""""""""""""""""""""""""""410"""""""""""""""""""""""""""""""""""""""""""""""""""""""""""""""""""""""""""""""""""""""""""""""""""""""""""""""""""""""""""""""
,,,,,,,,,,,,,,,,,"""""""""""""""""""""""""""""""""""""""""""""""""""""""""""""""087"""""""""""""""""""""""""""""""""""""""""""""""""""""""""""""""""""""""""""""""""""""""""""""""""""""""""""""""""""""""""""""""
,,,,,,,,,,,,,,,,,"""""""""""""""""""""""""""""""""""""""""""""""""""""""""""""""651"""""""""""""""""""""""""""""""""""""""""""""""""""""""""""""""""""""""""""""""""""""""""""""""""""""""""""""""""""""""""""""""
,,,,,,,,,,,,,,,,,"""""""""""""""""""""""""""""""""""""""""""""""""""""""""""""""548"""""""""""""""""""""""""""""""""""""""""""""""""""""""""""""""""""""""""""""""""""""""""""""""""""""""""""""""""""""""""""""""
,,,,,,,,,,,,,,,,,"""""""""""""""""""""""""""""""""""""""""""""""""""""""""""""""371"""""""""""""""""""""""""""""""""""""""""""""""""""""""""""""""""""""""""""""""""""""""""""""""""""""""""""""""""""""""""""""""
,,,,,,,,,,,,,,,,,"""""""""""""""""""""""""""""""""""""""""""""""""""""""""""""""266"""""""""""""""""""""""""""""""""""""""""""""""""""""""""""""""""""""""""""""""""""""""""""""""""""""""""""""""""""""""""""""""
,,,,,,,,,,,,,,,,,"""""""""""""""""""""""""""""""""""""""""""""""""""""""""""""""254"""""""""""""""""""""""""""""""""""""""""""""""""""""""""""""""""""""""""""""""""""""""""""""""""""""""""""""""""""""""""""""""
,,,,,,,,,,,,,,,,,"""""""""""""""""""""""""""""""""""""""""""""""""""""""""""""""115"""""""""""""""""""""""""""""""""""""""""""""""""""""""""""""""""""""""""""""""""""""""""""""""""""""""""""""""""""""""""""""""
,,,,,,,,,,,,,,,,,"""""""""""""""""""""""""""""""""""""""""""""""""""""""""""""""042"""""""""""""""""""""""""""""""""""""""""""""""""""""""""""""""""""""""""""""""""""""""""""""""""""""""""""""""""""""""""""""""
,,,,,,,,,,,,,,,,,"""""""""""""""""""""""""""""""""""""""""""""""""""""""""""""""144"""""""""""""""""""""""""""""""""""""""""""""""""""""""""""""""""""""""""""""""""""""""""""""""""""""""""""""""""""""""""""""""
,,,,,,,,,,,,,,,,,"""""""""""""""""""""""""""""""""""""""""""""""""""""""""""""""088"""""""""""""""""""""""""""""""""""""""""""""""""""""""""""""""""""""""""""""""""""""""""""""""""""""""""""""""""""""""""""""""
,,,,,,,,,,,,,,,,,"""""""""""""""""""""""""""""""""""""""""""""""""""""""""""""""997"""""""""""""""""""""""""""""""""""""""""""""""""""""""""""""""""""""""""""""""""""""""""""""""""""""""""""""""""""""""""""""""
,,,,,,,,,,,,,,,,,"""""""""""""""""""""""""""""""""""""""""""""""""""""""""""""""842"""""""""""""""""""""""""""""""""""""""""""""""""""""""""""""""""""""""""""""""""""""""""""""""""""""""""""""""""""""""""""""""
,,,,,,,,,,,,,,,,,"""""""""""""""""""""""""""""""""""""""""""""""""""""""""""""""051"""""""""""""""""""""""""""""""""""""""""""""""""""""""""""""""""""""""""""""""""""""""""""""""""""""""""""""""""""""""""""""""
,,,,,,,,,,,,,,,,,"""""""""""""""""""""""""""""""""""""""""""""""""""""""""""""""766"""""""""""""""""""""""""""""""""""""""""""""""""""""""""""""""""""""""""""""""""""""""""""""""""""""""""""""""""""""""""""""""
,,,,,,,,,,,,,,,,,"""""""""""""""""""""""""""""""""""""""""""""""""""""""""""""""856"""""""""""""""""""""""""""""""""""""""""""""""""""""""""""""""""""""""""""""""""""""""""""""""""""""""""""""""""""""""""""""""
,,,,,,,,,,,,,,,,,"""""""""""""""""""""""""""""""""""""""""""""""""""""""""""""""700"""""""""""""""""""""""""""""""""""""""""""""""""""""""""""""""""""""""""""""""""""""""""""""""""""""""""""""""""""""""""""""""
,,,,,,,,,,,,,,,,,"""""""""""""""""""""""""""""""""""""""""""""""""""""""""""""""729"""""""""""""""""""""""""""""""""""""""""""""""""""""""""""""""""""""""""""""""""""""""""""""""""""""""""""""""""""""""""""""""
,,,,,,,,,,,,,,,,,"""""""""""""""""""""""""""""""""""""""""""""""""""""""""""""""763"""""""""""""""""""""""""""""""""""""""""""""""""""""""""""""""""""""""""""""""""""""""""""""""""""""""""""""""""""""""""""""""
,,,,,,,,,,,,,,,,,"""""""""""""""""""""""""""""""""""""""""""""""""""""""""""""""837"""""""""""""""""""""""""""""""""""""""""""""""""""""""""""""""""""""""""""""""""""""""""""""""""""""""""""""""""""""""""""""""
,,,,,,,,,,,,,,,,,"""""""""""""""""""""""""""""""""""""""""""""""""""""""""""""""028"""""""""""""""""""""""""""""""""""""""""""""""""""""""""""""""""""""""""""""""""""""""""""""""""""""""""""""""""""""""""""""""
,,,,,,,,,,,,,,,,,"""""""""""""""""""""""""""""""""""""""""""""""""""""""""""""""951"""""""""""""""""""""""""""""""""""""""""""""""""""""""""""""""""""""""""""""""""""""""""""""""""""""""""""""""""""""""""""""""
,,,,,,,,,,,,,,,,,"""""""""""""""""""""""""""""""""""""""""""""""""""""""""""""""907"""""""""""""""""""""""""""""""""""""""""""""""""""""""""""""""""""""""""""""""""""""""""""""""""""""""""""""""""""""""""""""""
,,,,,,,,,,,,,,,,,201
,,,,,,,,,,,,,,,,,180
,,,,,,,,,,,,,,,,,202
,,,,,,,,,,,,,,,,,184
,,,,,,,,,,,,,,,,,189
,,,,,,,,,,,,,,,,,176
,,,,,,,,,,,,,,,,,168
,,,,,,,,,,,,,,,,,177
,,,,,,,,,,,,,,,,,162
,,,,,,,,,,,,,,,,,205
,,,,,,,,,,,,,,,,,186
,,,,,,,,,,,,,,,,,204
,,,,,,,,,,,,,,,,,244
,,,,,,,,,,,,,,,,,277
,,,,,,,,,,,,,,,,,294
,,,,,,,,,,,,,,,,,317
,,,,,,,,,,,,,,,,,329
,,,,,,,,,,,,,,,,,296
,,,,,,,,,,,,,,,,,212
,,,,,,,,,,,,,,,,,307
,,,,,,,,,,,,,,,,,326
,,,,,,,,,,,,,,,,,325
,,,,,,,,,,,,,,,,,372
,,,,,,,,,,,,,,,,,359
,,,,,,,,,,,,,,,,,311
,,,,,,,,,,,,,,,,,291
,,,,,,,,,,,,,,,,,300
,,,,,,,,,,,,,,,,,331
,,,,,,,,,,,,,,,,,371
,,,,,,,,,,,,,,,,,407
,,,,,,,,,,,,,,,,,488
,,,,,,,,,,,,,,,,,540
,,,,,,,,,,,,,,,,,462
,,,,,,,,,,,,,,,,,419
,,,,,,,,,,,,,,,,,451
,,,,,,,,,,,,,,,,,465
,,,,,,,,,,,,,,,,,388
,,,,,,,,,,,,,,,,,322
,,,,,,,,,,,,,,,,,413
,,,,,,,,,,,,,,,,,375
,,,,,,,,,,,,,,,,,391
,,,,,,,,,,,,,,,,,398
,,,,,,,,,,,,,,,,,417
,,,,,,,,,,,,,,,,,334
,,,,,,,,,,,,,,,,,348
,,,,,,,,,,,,,,,,,424
,,,,,,,,,,,,,,,,,435
,,,,,,,,,,,,,,,,,533
,,,,,,,,,,,,,,,,,610
,,,,,,,,,,,,,,,,,632
,,,,,,,,,,,,,,,,,615
,,,,,,,,,,,,,,,,,648
,,,,,,,,,,,,,,,,,613
,,,,,,,,,,,,,,,,,568
,,,,,,,,,,,,,,,,,853
,,,,,,,,,,,,,,,,,795
,,,,,,,,,,,,,,,,,883
,,,,,,,,,,,,,,,,,799
,,,,,,,,,,,,,,,,,844
,,,,,,,,,,,,,,,,,792
,,,,,,,,,,,,,,,,,774
,,,,,,,,,,,,,,,,,838
,,,,,,,,,,,,,,,,,928
,,,,,,,,,,,,,,,,,938
,,,,,,,,,,,,,,,,,960
,,,,,,,,,,,,,,,,,926
,,,,,,,,,,,,,,,,,467
,,,,,,,,,,,,,,,,,583
,,,,,,,,,,,,,,,,,617
,,,,,,,,,,,,,,,,,571
,,,,,,,,,,,,,,,,,596
,,,,,,,,,,,,,,,,,554
,,,,,,,,,,,,,,,,,528
,,,,,,,,,,,,,,,,,570
,,,,,,,,,,,,,,,,,503
,,,,,,,,,,,,,,,,,598
,,,,,,,,,,,,,,,,,578
,,,,,,,,,,,,,,,,,668
,,,,,,,,,,,,,,,,,693
,,,,,,,,,,,,,,,,,694
,,,,,,,,,,,,,,,,,955
,,,,,,,,,,,,,,,,,914
,,,,,,,,,,,,,,,,,990
,,,,,,,,,,,,,,,,,901
,,,,,,,,,,,,,,,,,775
,,,,,,,,,,,,,,,,,412
,,,,,,,,,,,,,,,,,476
,,,,,,,,,,,,,,,,,438
,,,,,,,,,,,,,,,,,434
,,,,,,,,,,,,,,,,,408
,,,,,,,,,,,,,,,,,363
,,,,,,,,,,,,,,,,,399
,,,,,,,,,,,,,,,,,374
,,,,,,,,,,,,,,,,,401
,,,,,,,,,,,,,,,,,474
,,,,,,,,,,,,,,,,,471
,,,,,,,,,,,,,,,,,563
,,,,,,,,,,,,,,,,,618
,,,,,,,,,,,,,,,,,716
,,,,,,,,,,,,,,,,,626
,,,,,,,,,,,,,,,,,672
,,,,,,,,,,,,,,,,,437
,,,,,,,,,,,,,,,,,203
,,,,,,,,,,,,,,,,,170
,,,,,,,,,,,,,,,,,188
,,,,,,,,,,,,,,,,,165
,,,,,,,,,,,,,,,,,150
,,,,,,,,,,,,,,,,,149
,,,,,,,,,,,,,,,,,172
,,,,,,,,,,,,,,,,,175
,,,,,,,,,,,,,,,,,158
,,,,,,,,,,,,,,,,,132
,,,,,,,,,,,,,,,,,185
,,,,,,,,,,,,,,,,,231
,,,,,,,,,,,,,,,,,214
,,,,,,,,,,,,,,,,,260
,,,,,,,,,,,,,,,,,288
,,,,,,,,,,,,,,,,,250
,,,,,,,,,,,,,,,,,315
,,,,,,,,,,,,,,,,,274
,,,,,,,,,,,,,,,,,252
,,,,,,,,,,,,,,,,,236
,,,,,,,,,,,,,,,,,161
,,,,,,,,,,,,,,,,,135
,,,,,,,,,,,,,,,,,113
,,,,,,,,,,,,,,,,,109
,,,,,,,,,,,,,,,,,112
,,,,,,,,,,,,,,,,,105
,,,,,,,,,,,,,,,,,99
,,,,,,,,,,,,,,,,,90
,,,,,,,,,,,,,,,,,120
,,,,,,,,,,,,,,,,,108
,,,,,,,,,,,,,,,,,119
,,,,,,,,,,,,,,,,,111
,,,,,,,,,,,,,,,,,139
,,,,,,,,,,,,,,,,,146
,,,,,,,,,,,,,,,,,157
,,,,,,,,,,,,,,,,,163
,,,,,,,,,,,,,,,,,140
,,,,,,,,,,,,,,,,,125
,,,,,,,,,,,,,,,,,69
,,,,,,,,,,,,,,,,,505
,,,,,,,,,,,,,,,,,489
,,,,,,,,,,,,,,,,,482
,,,,,,,,,,,,,,,,,522
,,,,,,,,,,,,,,,,,473
,,,,,,,,,,,,,,,,,453
,,,,,,,,,,,,,,,,,506
,,,,,,,,,,,,,,,,,555
,,,,,,,,,,,,,,,,,518
,,,,,,,,,,,,,,,,,629
,,,,,,,,,,,,,,,,,664
,,,,,,,,,,,,,,,,,704
,,,,,,,,,,,,,,,,,837
,,,,,,,,,,,,,,,,,870
,,,,,,,,,,,,,,,,,902
,,,,,,,,,,,,,,,,,811
,,,,,,,,,,,,,,,,,785
,,,,,,,,,,,,,,,,,510
,,,,,,,,,,,,,,,,,200
,,,,,,,,,,,,,,,,,128
,,,,,,,,,,,,,,,,,124
,,,,,,,,,,,,,,,,,147
,,,,,,,,,,,,,,,,,142
,,,,,,,,,,,,,,,,,127
,,,,,,,,,,,,,,,,,153
,,,,,,,,,,,,,,,,,181
,,,,,,,,,,,,,,,,,187
,,,,,,,,,,,,,,,,,174
,,,,,,,,,,,,,,,,,126
,,,,,,,,,,,,,,,,,80
,,,,,,,,,,,,,,,,,227
,,,,,,,,,,,,,,,,,206
,,,,,,,,,,,,,,,,,233
,,,,,,,,,,,,,,,,,217
,,,,,,,,,,,,,,,,,220
,,,,,,,,,,,,,,,,,256
,,,,,,,,,,,,,,,,,262
,,,,,,,,,,,,,,,,,272
,,,,,,,,,,,,,,,,,292
,,,,,,,,,,,,,,,,,354
,,,,,,,,,,,,,,,,,369
,,,,,,,,,,,,,,,,,379
,,,,,,,,,,,,,,,,,364
,,,,,,,,,,,,,,,,,341
,,,,,,,,,,,,,,,,,309
,,,,,,,,,,,,,,,,,298
,,,,,,,,,,,,,,,,,264
,,,,,,,,,,,,,,,,,251
,,,,,,,,,,,,,,,,,219
,,,,,,,,,,,,,,,,,223
,,,,,,,,,,,,,,,,,216
,,,,,,,,,,,,,,,,,211
,,,,,,,,,,,,,,,,,169
,,,,,,,,,,,,,,,,,159
,,,,,,,,,,,,,,,,,152
,,,,,,,,,,,,,,,,,137
,,,,,,,,,,,,,,,,,143
,,,,,,,,,,,,,,,,,151
,,,,,,,,,,,,,,,,,154
,,,,,,,,,,,,,,,,,144
,,,,,,,,,,,,,,,,,166
,,,,,,,,,,,,,,,,,208
,,,,,,,,,,,,,,,,,197
,,,,,,,,,,,,,,,,,179
,,,,,,,,,,,,,,,,,443
,,,,,,,,,,,,,,,,,406
,,,,,,,,,,,,,,,,,421
,,,,,,,,,,,,,,,,,343
,,,,,,,,,,,,,,,,,382
,,,,,,,,,,,,,,,,,386
,,,,,,,,,,,,,,,,,387
,,,,,,,,,,,,,,,,,481
,,,,,,,,,,,,,,,,,493
,,,,,,,,,,,,,,,,,521
,,,,,,,,,,,,,,,,,655
,,,,,,,,,,,,,,,,,712
,,,,,,,,,,,,,,,,,721
,,,,,,,,,,,,,,,,,688
,,,,,,,,,,,,,,,,,625
,,,,,,,,,,,,,,,,,551
,,,,,,,,,,,,,,,,,507
,,,,,,,,,,,,,,,,,479
,,,,,,,,,,,,,,,,,460
,,,,,,,,,,,,,,,,,504
,,,,,,,,,,,,,,,,,454
,,,,,,,,,,,,,,,,,409
,,,,,,,,,,,,,,,,,380
,,,,,,,,,,,,,,,,,352
,,,,,,,,,,,,,,,,,368
,,,,,,,,,,,,,,,,,342
,,,,,,,,,,,,,,,,,303
,,,,,,,,,,,,,,,,,302
,,,,,,,,,,,,,,,,,319
,,,,,,,,,,,,,,,,,308
,,,,,,,,,,,,,,,,,318
,,,,,,,,,,,,,,,,,304
,,,,,,,,,,,,,,,,,276
,,,,,,,,,,,,,,,,,330
,,,,,,,,,,,,,,,,,332
,,,,,,,,,,,,,,,,,339
,,,,,,,,,,,,,,,,,328
,,,,,,,,,,,,,,,,,313
,,,,,,,,,,,,,,,,,346
,,,,,,,,,,,,,,,,,466
,,,,,,,,,,,,,,,,,458
,,,,,,,,,,,,,,,,,484
,,,,,,,,,,,,,,,,,500
,,,,,,,,,,,,,,,,,494
,,,,,,,,,,,,,,,,,569
,,,,,,,,,,,,,,,,,586
,,,,,,,,,,,,,,,,,608
,,,,,,,,,,,,,,,,,689
,,,,,,,,,,,,,,,,,762
,,,,,,,,,,,,,,,,,836
,,,,,,,,,,,,,,,,,711
,,,,,,,,,,,,,,,,,695
,,,,,,,,,,,,,,,,,496
,,,,,,,,,,,,,,,,,463
,,,,,,,,,,,,,,,,,447
,,,,,,,,,,,,,,,,,429
,,,,,,,,,,,,,,,,,370
,,,,,,,,,,,,,,,,,357
,,,,,,,,,,,,,,,,,351
,,,,,,,,,,,,,,,,,282
,,,,,,,,,,,,,,,,,362
,,,,,,,,,,,,,,,,,336
,,,,,,,,,,,,,,,,,389
,,,,,,,,,,,,,,,,,422
,,,,,,,,,,,,,,,,,397
,,,,,,,,,,,,,,,,,400
,,,,,,,,,,,,,,,,,969
,,,,,,,,,,,,,,,,,976
,,,,,,,,,,,,,,,,,949
,,,,,,,,,,,,,,,,,986
,,,,,,,,,,,,,,,,,961
,,,,,,,,,,,,,,,,,874
,,,,,,,,,,,,,,,,,865
,,,,,,,,,,,,,,,,,882
,,,,,,,,,,,,,,,,,812
,,,,,,,,,,,,,,,,,822
,,,,,,,,,,,,,,,,,756
,,,,,,,,,,,,,,,,,802
,,,,,,,,,,,,,,,,,815
,,,,,,,,,,,,,,,,,783
,,,,,,,,,,,,,,,,,867
,,,,,,,,,,,,,,,,,875
,,,,,,,,,,,,,,,,,861
,,,,,,,,,,,,,,,,,903
,,,,,,,,,,,,,,,,,889
,,,,,,,,,,,,,,,,,943
,,,,,,,,,,,,,,,,,974
,,,,,,,,,,,,,,,,,993
,,,,,,,,,,,,,,,,,940
,,,,,,,,,,,,,,,,,932
,,,,,,,,,,,,,,,,,628
,,,,,,,,,,,,,,,,,639
,,,,,,,,,,,,,,,,,653
,,,,,,,,,,,,,,,,,640
,,,,,,,,,,,,,,,,,686
,,,,,,,,,,,,,,,,,820
,,,,,,,,,,,,,,,,,750
,,,,,,,,,,,,,,,,,810
,,,,,,,,,,,,,,,,,917
,,,,,,,,,,,,,,,,,977
,,,,,,,,,,,,,,,,,994
,,,,,,,,,,,,,,,,,856
,,,,,,,,,,,,,,,,,840
,,,,,,,,,,,,,,,,,839
,,,,,,,,,,,,,,,,,819
,,,,,,,,,,,,,,,,,772
,,,,,,,,,,,,,,,,,713
,,,,,,,,,,,,,,,,,671
,,,,,,,,,,,,,,,,,700
,,,,,,,,,,,,,,,,,594
,,,,,,,,,,,,,,,,,589
,,,,,,,,,,,,,,,,,515
,,,,,,,,,,,,,,,,,527
,,,,,,,,,,,,,,,,,492
,,,,,,,,,,,,,,,,,499
,,,,,,,,,,,,,,,,,461
,,,,,,,,,,,,,,,,,464
,,,,,,,,,,,,,,,,,517
,,,,,,,,,,,,,,,,,539
,,,,,,,,,,,,,,,,,544
,,,,,,,,,,,,,,,,,546
,,,,,,,,,,,,,,,,,611
,,,,,,,,,,,,,,,,,607
,,,,,,,,,,,,,,,,,619
,,,,,,,,,,,,,,,,,497
,,,,,,,,,,,,,,,,,513
,,,,,,,,,,,,,,,,,581
,,,,,,,,,,,,,,,,,547
,,,,,,,,,,,,,,,,,620
,,,,,,,,,,,,,,,,,635
,,,,,,,,,,,,,,,,,696
,,,,,,,,,,,,,,,,,773
,,,,,,,,,,,,,,,,,884
,,,,,,,,,,,,,,,,,825
,,,,,,,,,,,,,,,,,900
,,,,,,,,,,,,,,,,,731
,,,,,,,,,,,,,,,,,740
,,,,,,,,,,,,,,,,,702
,,,,,,,,,,,,,,,,,641
,,,,,,,,,,,,,,,,,559
,,,,,,,,,,,,,,,,,575
,,,,,,,,,,,,,,,,,508
,,,,,,,,,,,,,,,,,470
,,,,,,,,,,,,,,,,,385
,,,,,,,,,,,,,,,,,415
,,,,,,,,,,,,,,,,,403
,,,,,,,,,,,,,,,,,394
,,,,,,,,,,,,,,,,,524
,,,,,,,,,,,,,,,,,190
,,,,,,,,,,,,,,,,,245
,,,,,,,,,,,,,,,,,261
,,,,,,,,,,,,,,,,,310
,,,,,,,,,,,,,,,,,320
,,,,,,,,,,,,,,,,,286
,,,,,,,,,,,,,,,,,243
,,,,,,,,,,,,,,,,,224
,,,,,,,,,,,,,,,,,238
,,,,,,,,,,,,,,,,,194
,,,,,,,,,,,,,,,,,191
,,,,,,,,,,,,,,,,,173
,,,,,,,,,,,,,,,,,160
,,,,,,,,,,,,,,,,,178
,,,,,,,,,,,,,,,,,156
,,,,,,,,,,,,,,,,,134
,,,,,,,,,,,,,,,,,145
,,,,,,,,,,,,,,,,,138
,,,,,,,,,,,,,,,,,195
,,,,,,,,,,,,,,,,,133
,,,,,,,,,,,,,,,,,183
,,,,,,,,,,,,,,,,,193
,,,,,,,,,,,,,,,,,167
,,,,,,,,,,,,,,,,,122
,,,,,,,,,,,,,,,,,101
,,,,,,,,,,,,,,,,,123
,,,,,,,,,,,,,,,,,116
,,,,,,,,,,,,,,,,,95
,,,,,,,,,,,,,,,,,110
,,,,,,,,,,,,,,,,,104
,,,,,,,,,,,,,,,,,114
,,,,,,,,,,,,,,,,,115
,,,,,,,,,,,,,,,,,107
,,,,,,,,,,,,,,,,,87
,,,,,,,,,,,,,,,,,83
,,,,,,,,,,,,,,,,,102
,,,,,,,,,,,,,,,,,92
,,,,,,,,,,,,,,,,,81
,,,,,,,,,,,,,,,,,117
,,,,,,,,,,,,,,,,,519
,,,,,,,,,,,,,,,,,557
,,,,,,,,,,,,,,,,,579
,,,,,,,,,,,,,,,,,645
,,,,,,,,,,,,,,,,,680
,,,,,,,,,,,,,,,,,753
,,,,,,,,,,,,,,,,,777
,,,,,,,,,,,,,,,,,918
,,,,,,,,,,,,,,,,,931
,,,,,,,,,,,,,,,,,793
,,,,,,,,,,,,,,,,,692
,,,,,,,,,,,,,,,,,657
,,,,,,,,,,,,,,,,,623
,,,,,,,,,,,,,,,,,560
,,,,,,,,,,,,,,,,,587
,,,,,,,,,,,,,,,,,542
,,,,,,,,,,,,,,,,,580
,,,,,,,,,,,,,,,,,516
,,,,,,,,,,,,,,,,,550
,,,,,,,,,,,,,,,,,511
,,,,,,,,,,,,,,,,,537
,,,,,,,,,,,,,,,,,556
,,,,,,,,,,,,,,,,,498
,,,,,,,,,,,,,,,,,566
,,,,,,,,,,,,,,,,,543
,,,,,,,,,,,,,,,,,534
,,,,,,,,,,,,,,,,,520
,,,,,,,,,,,,,,,,,530
,,,,,,,,,,,,,,,,,509
,,,,,,,,,,,,,,,,,155
,,,,,,,,,,,,,,,,,229
,,,,,,,,,,,,,,,,,182
,,,,,,,,,,,,,,,,,148
,,,,,,,,,,,,,,,,,130
,,,,,,,,,,,,,,,,,131
,,,,,,,,,,,,,,,,,129
,,,,,,,,,,,,,,,,,141
,,,,,,,,,,,,,,,,,242
,,,,,,,,,,,,,,,,,280
,,,,,,,,,,,,,,,,,241
,,,,,,,,,,,,,,,,,287
,,,,,,,,,,,,,,,,,333
,,,,,,,,,,,,,,,,,377
,,,,,,,,,,,,,,,,,418
,,,,,,,,,,,,,,,,,442
,,,,,,,,,,,,,,,,,439
,,,,,,,,,,,,,,,,,430
,,,,,,,,,,,,,,,,,275
,,,,,,,,,,,,,,,,,218
,,,,,,,,,,,,,,,,,210
,,,,,,,,,,,,,,,,,562
,,,,,,,,,,,,,,,,,708
,,,,,,,,,,,,,,,,,770
,,,,,,,,,,,,,,,,,801
,,,,,,,,,,,,,,,,,826
,,,,,,,,,,,,,,,,,798
,,,,,,,,,,,,,,,,,659
,,,,,,,,,,,,,,,,,552
,,,,,,,,,,,,,,,,,441
,,,,,,,,,,,,,,,,,404
,,,,,,,,,,,,,,,,,360
,,,,,,,,,,,,,,,,,349
,,,,,,,,,,,,,,,,,327
,,,,,,,,,,,,,,,,,289
,,,,,,,,,,,,,,,,,301
,,,,,,,,,,,,,,,,,283
,,,,,,,,,,,,,,,,,265
,,,,,,,,,,,,,,,,,316
,,,,,,,,,,,,,,,,,314
,,,,,,,,,,,,,,,,,323
,,,,,,,,,,,,,,,,,373
,,,,,,,,,,,,,,,,,423
,,,,,,,,,,,,,,,,,561
,,,,,,,,,,,,,,,,,614
,,,,,,,,,,,,,,,,,612
,,,,,,,,,,,,,,,,,724
,,,,,,,,,,,,,,,,,751
,,,,,,,,,,,,,,,,,742
,,,,,,,,,,,,,,,,,920
,,,,,,,,,,,,,,,,,782
,,,,,,,,,,,,,,,,,679
,,,,,,,,,,,,,,,,,592
,,,,,,,,,,,,,,,,,585
,,,,,,,,,,,,,,,,,449
,,,,,,,,,,,,,,,,,411
,,,,,,,,,,,,,,,,,392
,,,,,,,,,,,,,,,,,356
,,,,,,,,,,,,,,,,,269
,,,,,,,,,,,,,,,,,295
,,,,,,,,,,,,,,,,,335
,,,,,,,,,,,,,,,,,988
,,,,,,,,,,,,,,,,,946
,,,,,,,,,,,,,,,,,956
,,,,,,,,,,,,,,,,,873
,,,,,,,,,,,,,,,,,886
,,,,,,,,,,,,,,,,,862
,,,,,,,,,,,,,,,,,857
,,,,,,,,,,,,,,,,,796
,,,,,,,,,,,,,,,,,851
,,,,,,,,,,,,,,,,,948
,,,,,,,,,,,,,,,,,913
,,,,,,,,,,,,,,,,,962
,,,,,,,,,,,,,,,,,878
,,,,,,,,,,,,,,,,,939
,,,,,,,,,,,,,,,,,967
,,,,,,,,,,,,,,,,,997
,,,,,,,,,,,,,,,,,953
,,,,,,,,,,,,,,,,,858
,,,,,,,,,,,,,,,,,845
,,,,,,,,,,,,,,,,,830
,,,,,,,,,,,,,,,,,824
,,,,,,,,,,,,,,,,,743
,,,,,,,,,,,,,,,,,729
,,,,,,,,,,,,,,,,,564
,,,,,,,,,,,,,,,,,512
,,,,,,,,,,,,,,,,,456
,,,,,,,,,,,,,,,,,525
,,,,,,,,,,,,,,,,,574
,,,,,,,,,,,,,,,,,685
,,,,,,,,,,,,,,,,,663
,,,,,,,,,,,,,,,,,553
,,,,,,,,,,,,,,,,,595
,,,,,,,,,,,,,,,,,728
,,,,,,,,,,,,,,,,,888
,,,,,,,,,,,,,,,,,864
,,,,,,,,,,,,,,,,,904
,,,,,,,,,,,,,,,,,999
,,,,,,,,,,,,,,,,,923
,,,,,,,,,,,,,,,,,809
,,,,,,,,,,,,,,,,,741
,,,,,,,,,,,,,,,,,734
,,,,,,,,,,,,,,,,,691
,,,,,,,,,,,,,,,,,684
,,,,,,,,,,,,,,,,,652
,,,,,,,,,,,,,,,,,642
,,,,,,,,,,,,,,,,,588
,,,,,,,,,,,,,,,,,529
,,,,,,,,,,,,,,,,,446
,,,,,,,,,,,,,,,,,384
,,,,,,,,,,,,,,,,,427
,,,,,,,,,,,,,,,,,420
,,,,,,,,,,,,,,,,,475
,,,,,,,,,,,,,,,,,495
,,,,,,,,,,,,,,,,,487
,,,,,,,,,,,,,,,,,226
,,,,,,,,,,,,,,,,,234
,,,,,,,,,,,,,,,,,198
,,,,,,,,,,,,,,,,,278
,,,,,,,,,,,,,,,,,416
,,,,,,,,,,,,,,,,,459
,,,,,,,,,,,,,,,,,293
,,,,,,,,,,,,,,,,,235
,,,,,,,,,,,,,,,,,239
,,,,,,,,,,,,,,,,,254
,,,,,,,,,,,,,,,,,279
,,,,,,,,,,,,,,,,,232
,,,,,,,,,,,,,,,,,222
,,,,,,,,,,,,,,,,,171
,,,,,,,,,,,,,,,,,225
,,,,,,,,,,,,,,,,,103
,,,,,,,,,,,,,,,,,91
,,,,,,,,,,,,,,,,,93
,,,,,,,,,,,,,,,,,88
,,,,,,,,,,,,,,,,,85
,,,,,,,,,,,,,,,,,96
,,,,,,,,,,,,,,,,,118
,,,,,,,,,,,,,,,,,86
,,,,,,,,,,,,,,,,,106
,,,,,,,,,,,,,,,,,536
,,,,,,,,,,,,,,,,,681
,,,,,,,,,,,,,,,,,698
,,,,,,,,,,,,,,,,,738
,,,,,,,,,,,,,,,,,911
,,,,,,,,,,,,,,,,,834
,,,,,,,,,,,,,,,,,816
,,,,,,,,,,,,,,,,,804
,,,,,,,,,,,,,,,,,676
,,,,,,,,,,,,,,,,,501
,,,,,,,,,,,,,,,,,535
,,,,,,,,,,,,,,,,,541
,,,,,,,,,,,,,,,,,526
,,,,,,,,,,,,,,,,,478
,,,,,,,,,,,,,,,,,573
,,,,,,,,,,,,,,,,,337
,,,,,,,,,,,,,,,,,312
,,,,,,,,,,,,,,,,,215
,,,,,,,,,,,,,,,,,196
,,,,,,,,,,,,,,,,,136
,,,,,,,,,,,,,,,,,355
,,,,,,,,,,,,,,,,,347
,,,,,,,,,,,,,,,,,353
,,,,,,,,,,,,,,,,,723
,,,,,,,,,,,,,,,,,866
,,,,,,,,,,,,,,,,,606
,,,,,,,,,,,,,,,,,469
,,,,,,,,,,,,,,,,,281
,,,,,,,,,,,,,,,,,305
,,,,,,,,,,,,,,,,,249
,,,,,,,,,,,,,,,,,285
,,,,,,,,,,,,,,,,,213
,,,,,,,,,,,,,,,,,207
,,,,,,,,,,,,,,,,,230
,,,,,,,,,,,,,,,,,268
,,,,,,,,,,,,,,,,,727
,,,,,,,,,,,,,,,,,678
,,,,,,,,,,,,,,,,,687
,,,,,,,,,,,,,,,,,924
,,,,,,,,,,,,,,,,,942
,,,,,,,,,,,,,,,,,393
,,,,,,,,,,,,,,,,,514
,,,,,,,,,,,,,,,,,445
,,,,,,,,,,,,,,,,,480
,,,,,,,,,,,,,,,,,833
,,,,,,,,,,,,,,,,,647
,,,,,,,,,,,,,,,,,444
,,,,,,,,,,,,,,,,,954
,,,,,,,,,,,,,,,,,951
,,,,,,,,,,,,,,,,,937
,,,,,,,,,,,,,,,,,755
,,,,,,,,,,,,,,,,,665
,,,,,,,,,,,,,,,,,701
,,,,,,,,,,,,,,,,,709
,,,,,,,,,,,,,,,,,720
,,,,,,,,,,,,,,,,,828
,,,,,,,,,,,,,,,,,781
,,,,,,,,,,,,,,,,,849
,,,,,,,,,,,,,,,,,898
,,,,,,,,,,,,,,,,,879
,,,,,,,,,,,,,,,,,841
,,,,,,,,,,,,,,,,,927
,,,,,,,,,,,,,,,,,880
,,,,,,,,,,,,,,,,,891
,,,,,,,,,,,,,,,,,835
,,,,,,,,,,,,,,,,,658
,,,,,,,,,,,,,,,,,549
,,,,,,,,,,,,,,,,,593
,,,,,,,,,,,,,,,,,722
,,,,,,,,,,,,,,,,,789
,,,,,,,,,,,,,,,,,649
,,,,,,,,,,,,,,,,,674
,,,,,,,,,,,,,,,,,486
,,,,,,,,,,,,,,,,,778
,,,,,,,,,,,,,,,,,800
,,,,,,,,,,,,,,,,,877
,,,,,,,,,,,,,,,,,732
,,,,,,,,,,,,,,,,,266
,,,,,,,,,,,,,,,,,257
,,,,,,,,,,,,,,,,,248
,,,,,,,,,,,,,,,,,246
,,,,,,,,,,,,,,,,,636
,,,,,,,,,,,,,,,,,627
,,,,,,,,,,,,,,,,,590
,,,,,,,,,,,,,,,,,523
,,,,,,,,,,,,,,,,,192
,,,,,,,,,,,,,,,,,892
,,,,,,,,,,,,,,,,,646
,,,,,,,,,,,,,,,,,638
,,,,,,,,,,,,,,,,,656
,,,,,,,,,,,,,,,,,707
,,,,,,,,,,,,,,,,,703
,,,,,,,,,,,,,,,,,765
,,,,,,,,,,,,,,,,,768
,,,,,,,,,,,,,,,,,894
,,,,,,,,,,,,,,,,,908
,,,,,,,,,,,,,,,,,677
,,,,,,,,,,,,,,,,,624
,,,,,,,,,,,,,,,,,690
,,,,,,,,,,,,,,,,,591
,,,,,,,,,,,,,,,,,440
,,,,,,,,,,,,,,,,,414
,,,,,,,,,,,,,,,,,558
,,,,,,,,,,,,,,,,,669
,,,,,,,,,,,,,,,,,240
,,,,,,,,,,,,,,,,,228
,,,,,,,,,,,,,,,,,247
,,,,,,,,,,,,,,,,,757
,,,,,,,,,,,,,,,,,912
,,,,,,,,,,,,,,,,,860
,,,,,,,,,,,,,,,,,361
,,,,,,,,,,,,,,,,,448
,,,,,,,,,,,,,,,,,790
,,,,,,,,,,,,,,,,,966
,,,,,,,,,,,,,,,,,766
,,,,,,,,,,,,,,,,,468
,,,,,,,,,,,,,,,,,436
,,,,,,,,,,,,,,,,,367
,,,,,,,,,,,,,,,,,299
,,,,,,,,,,,,,,,,,358
,,,,,,,,,,,,,,,,,402
,,,,,,,,,,,,,,,,,705
,,,,,,,,,,,,,,,,,730
,,,,,,,,,,,,,,,,,699
,,,,,,,,,,,,,,,,,548
,,,,,,,,,,,,,,,,,714
,,,,,,,,,,,,,,,,,739
,,,,,,,,,,,,,,,,,807
,,,,,,,,,,,,,,,,,788
,,,,,,,,,,,,,,,,,747
,,,,,,,,,,,,,,,,,491
,,,,,,,,,,,,,,,,,340
,,,,,,,,,,,,,,,,,405
,,,,,,,,,,,,,,,,,821
,,,,,,,,,,,,,,,,,925
,,,,,,,,,,,,,,,,,846
,,,,,,,,,,,,,,,,,754
,,,,,,,,,,,,,,,,,634
,,,,,,,,,,,,,,,,,616
,,,,,,,,,,,,,,,,,630
,,,,,,,,,,,,,,,,,786
,,,,,,,,,,,,,,,,,991
,,,,,,,,,,,,,,,,,887
,,,,,,,,,,,,,,,,,814
,,,,,,,,,,,,,,,,,761
,,,,,,,,,,,,,,,,,706
,,,,,,,,,,,,,,,,,764
,,,,,,,,,,,,,,,,,950
,,,,,,,,,,,,,,,,,769
,,,,,,,,,,,,,,,,,597
,,,,,,,,,,,,,,,,,428
,,,,,,,,,,,,,,,,,321
,,,,,,,,,,,,,,,,,259
,,,,,,,,,,,,,,,,,602
,,,,,,,,,,,,,,,,,644
,,,,,,,,,,,,,,,,,324
,,,,,,,,,,,,,,,,,897
,,,,,,,,,,,,,,,,,622
,,,,,,,,,,,,,,,,,577
,,,,,,,,,,,,,,,,,199
,,,,,,,,,,,,,,,,,426
,,,,,,,,,,,,,,,,,477
,,,,,,,,,,,,,,,,,842
,,,,,,,,,,,,,,,,,843
,,,,,,,,,,,,,,,,,929
,,,,,,,,,,,,,,,,,661
,,,,,,,,,,,,,,,,,601
,,,,,,,,,,,,,,,,,643
,,,,,,,,,,,,,,,,,915
,,,,,,,,,,,,,,,,,350
,,,,,,,,,,,,,,,,,603
,,,,,,,,,,,,,,,,,572
,,,,,,,,,,,,,,,,,472
,,,,,,,,,,,,,,,,,744
,,,,,,,,,,,,,,,,,806
,,,,,,,,,,,,,,,,,803
,,,,,,,,,,,,,,,,,306
,,,,,,,,,,,,,,,,,345
,,,,,,,,,,,,,,,,,425
,,,,,,,,,,,,,,,,,378
,,,,,,,,,,,,,,,,,395
,,,,,,,,,,,,,,,,,780
,,,,,,,,,,,,,,,,,290
,,,,,,,,,,,,,,,,,267
,,,,,,,,,,,,,,,,,284
,,,,,,,,,,,,,,,,,344
,,,,,,,,,,,,,,,,,376
,,,,,,,,,,,,,,,,,885
,,,,,,,,,,,,,,,,,919
,,,,,,,,,,,,,,,,,697
,,,,,,,,,,,,,,,,,725
,,,,,,,,,,,,,,,,,968
,,,,,,,,,,,,,,,,,746
,,,,,,,,,,,,,,,,,910
,,,,,,,,,,,,,,,,,818
,,,,,,,,,,,,,,,,,935
,,,,,,,,,,,,,,,,,995
,,,,,,,,,,,,,,,,,987
,,,,,,,,,,,,,,,,,366
,,,,,,,,,,,,,,,,,381
,,,,,,,,,,,,,,,,,432
,,,,,,,,,,,,,,,,,485
,,,,,,,,,,,,,,,,,823
,,,,,,,,,,,,,,,,,921
,,,,,,,,,,,,,,,,,805
,,,,,,,,,,,,,,,,,983
,,,,,,,,,,,,,,,,,253
,,,,,,,,,,,,,,,,,263
,,,,,,,,,,,,,,,,,410
,,,,,,,,,,,,,,,,,74
,,,,,,,,,,,,,,,,,97
,,,,,,,,,,,,,,,,,73
,,,,,,,,,,,,,,,,,98
,,,,,,,,,,,,,,,,,297
,,,,,,,,,,,,,,,,,164
,,,,,,,,,,,,,,,,,666
,,,,,,,,,,,,,,,,,710
,,,,,,,,,,,,,,,,,621
,,,,,,,,,,,,,,,,,881
,,,,,,,,,,,,,,,,,978
,,,,,,,,,,,,,,,,,973
,,,,,,,,,,,,,,,,,934
,,,,,,,,,,,,,,,,,94
,,,,,,,,,,,,,,,,,271
,,,,,,,,,,,,,,,,,258
,,,,,,,,,,,,,,,,,237
,,,,,,,,,,,,,,,,,383
,,,,,,,,,,,,,,,,,396
,,,,,,,,,,,,,,,,,255
,,,,,,,,,,,,,,,,,270
,,,,,,,,,,,,,,,,,633
,,,,,,,,,,,,,,,,,605
,,,,,,,,,,,,,,,,,683
,,,,,,,,,,,,,,,,,893
,,,,,,,,,,,,,,,,,831
,,,,,,,,,,,,,,,,,854
,,,,,,,,,,,,,,,,,797
,,,,,,,,,,,,,,,,,637
,,,,,,,,,,,,,,,,,584
,,,,,,,,,,,,,,,,,651
,,,,,,,,,,,,,,,,,660
,,,,,,,,,,,,,,,,,609
,,,,,,,,,,,,,,,,,545
,,,,,,,,,,,,,,,,,450
,,,,,,,,,,,,,,,,,431
,,,,,,,,,,,,,,,,,532
,,,,,,,,,,,,,,,,,582
,,,,,,,,,,,,,,,,,538
,,,,,,,,,,,,,,,,,338
,,,,,,,,,,,,,,,,,121
,,,,,,,,,,,,,,,,,79
,,,,,,,,,,,,,,,,,100
,,,,,,,,,,,,,,,,,72
,,,,,,,,,,,,,,,,,70
,,,,,,,,,,,,,,,,,75
,,,,,,,,,,,,,,,,,77
,,,,,,,,,,,,,,,,,78
,,,,,,,,,,,,,,,,,433
,,,,,,,,,,,,,,,,,89
,,,,,,,,,,,,,,,,,84
,,,,,,,,,,,,,,,,,390
,,,,,,,,,,,,,,,,,273
,,,,,,,,,,,,,,,,,670
,,,,,,,,,,,,,,,,,760
,,,,,,,,,,,,,,,,,771
,,,,,,,,,,,,,,,,,749
,,,,,,,,,,,,,,,,,852
,,,,,,,,,,,,,,,,,906
,,,,,,,,,,,,,,,,,872
,,,,,,,,,,,,,,,,,808
,,,,,,,,,,,,,,,,,737
,,,,,,,,,,,,,,,,,604
,,,,,,,,,,,,,,,,,502
,,,,,,,,,,,,,,,,,531
,,,,,,,,,,,,,,,,,600
,,,,,,,,,,,,,,,,,965
,,,,,,,,,,,,,,,,,452
,,,,,,,,,,,,,,,,,455
,,,,,,,,,,,,,,,,,972
,,,,,,,,,,,,,,,,,209
,,,,,,,,,,,,,,,,,82
,,,,,,,,,,,,,,,,,76
,,,,,,,,,,,,,,,,,64
,,,,,,,,,,,,,,,,,66
,,,,,,,,,,,,,,,,,922
,,,,,,,,,,,,,,,,,719
,,,,,,,,,,,,,,,,,673
,,,,,,,,,,,,,,,,,483
,,,,,,,,,,,,,,,,,71
,,,,,,,,,,,,,,,,,13
,,,,,,,,,,,,,,,,,9
,,,,,,,,,,,,,,,,,10
,,,,,,,,,,,,,,,,,20
,,,,,,,,,,,,,,,,,65
,,,,,,,,,,,,,,,,,55
,,,,,,,,,,,,,,,,,61
,,,,,,,,,,,,,,,,,53
,,,,,,,,,,,,,,,,,63
,,,,,,,,,,,,,,,,,54
,,,,,,,,,,,,,,,,,221
,,,,,,,,,,,,,,,,,43
,,,,,,,,,,,,,,,,,936
,,,,,,,,,,,,,,,,,959
,,,,,,,,,,,,,,,,,979
,,,,,,,,,,,,,,,,,827
,,,,,,,,,,,,,,,,,675
,,,,,,,,,,,,,,,,,650
,,,,,,,,,,,,,,,,,Insufficient Data
,,,,,,,,,,,,,,,,,41
,,,,,,,,,,,,,,,,,62
,,,,,,,,,,,,,,,,,50
,,,,,,,,,,,,,,,,,59
,,,,,,,,,,,,,,,,,35
,,,,,,,,,,,,,,,,,58
,,,,,,,,,,,,,,,,,876
,,,,,,,,,,,,,,,,,25
,,,,,,,,,,,,,,,,,33
,,,,,,,,,,,,,,,,,34
,,,,,,,,,,,,,,,,,36
,,,,,,,,,,,,,,,,,31
,,,,,,,,,,,,,,,,,30
,,,,,,,,,,,,,,,,,29
,,,,,,,,,,,,,,,,,28
,,,,,,,,,,,,,,,,,38
,,,,,,,,,,,,,,,,,42
,,,,,,,,,,,,,,,,,45
,,,,,,,,,,,,,,,,,52
,,,,,,,,,,,,,,,,,47
,,,,,,,,,,,,,,,,,56
,,,,,,,,,,,,,,,,,67
,,,,,,,,,,,,,,,,,26
,,,,,,,,,,,,,,,,,745
,,,,,,,,,,,,,,,,,57
,,,,,,,,,,,,,,,,,49
,,,,,,,,,,,,,,,,,48
,,,,,,,,,,,,,,,,,17
,,,,,,,,,,,,,,,,,4
,,,,,,,,,,,,,,,,,5
,,,,,,,,,,,,,,,,,2
,,,,,,,,,,,,,,,,,7
,,,,,,,,,,,,,,,,,3
,,,,,,,,,,,,,,,,,6
,,,,,,,,,,,,,,,,,8
,,,,,,,,,,,,,,,,,39
,,,,,,,,,,,,,,,,,32
,,,,,,,,,,,,,,,,,46
,,,,,,,,,,,,,,,,,44
,,,,,,,,,,,,,,,,,51
,,,,,,,,,,,,,,,,,60
,,,,,,,,,,,,,,,,,37
,,,,,,,,,,,,,,,,,40
,,,,,,,,,,,,,,,,,16
,,,,,,,,,,,,,,,,,15
,,,,,,,,,,,,,,,,,19
,,,,,,,,,,,,,,,,,18
,,,,,,,,,,,,,,,,,12
,,,,,,,,,,,,,,,,,14
,,,,,,,,,,,,,,,,,11
,,,,,,,,,,,,,,,,,21
,,,,,,,,,,,,,,,,,1
,,,,,,,,,,,,,,,,,23
,,,,,,,,,,,,,,,,,27
,,,,,,,,,,,,,,,,,22
,,,,,,,,,,,,,,,,,24
,,,,,,,,,,,,,,,,,68
,,,,,,,,,,,,,,,,,457
,,,,,,,,,,,,,,,,,365
,,,,,,,,,,,,,,,,,930
,,,,,,,,,,,,,,,,,490
,,,,,,,,,,,,,,,,,909
,,,,,,,,,,,,,,,,,718
,,,,,,,,,,,,,,,,,748
,,,,,,,,,,,,,,,,,779
,,,,,,,,,,,,,,,,,767
,,,,,,,,,,,,,,,,,963
,,,,,,,,,,,,,,,,,984
,,,,,,,,,,,,,,,,,599
,,,,,,,,,,,,,,,,,848
,,,,,,,,,,,,,,,,,850
,,,,,,,,,,,,,,,,,998
,,,,,,,,,,,,,,,,,717
,,,,,,,,,,,,,,,,,980
,,,,,,,,,,,,,,,,,784
,,,,,,,,,,,,,,,,,567
,,,,,,,,,,,,,,,,,576
,,,,,,,,,,,,,,,,,682
,,,,,,,,,,,,,,,,,895
,,,,,,,,,,,,,,,,,899
,,,,,,,,,,,,,,,,,971
,,,,,,,,,,,,,,,,,752
,,,,,,,,,,,,,,,,,813
,,,,,,,,,,,,,,,,,829
,,,,,,,,,,,,,,,,,662
,,,,,,,,,,,,,,,,,907
,,,,,,,,,,,,,,,,,565
,,,,,,,,,,,,,,,,,0
,,,,,,,,,,,,,,,,,787
,,,,,,,,,,,,,,,,,735
,,,,,,,,,,,,,,,,,989
,,,,,,,,,,,,,,,,,791
,,,,,,,,,,,,,,,,,958
,,,,,,,,,,,,,,,,,667
,,,,,,,,,,,,,,,,,
