COVID-19_Season,Doses,Cumulative_Doses,Age_Group
2023-2024,93,93,18+
2023-2024,59,59,18-49
2023-2024,85,85,18-64
2023-2024,26,26,50-64
2023-2024,7,7,60-74
2023-2024,8,8,65+
2023-2024,4,4,75+
2023-2024,12664,12757,18+
2023-2024,3819,3878,18-49
2023-2024,7019,7104,18-64
2023-2024,3200,3226,50-64
2023-2024,4096,4103,60-74
2023-2024,5646,5654,65+
2023-2024,2975,2979,75+
2023-2024,42494,55251,18+
2023-2024,13237,17115,18-49
2023-2024,25732,32836,18-64
2023-2024,12495,15721,50-64
2023-2024,14141,18244,60-74
2023-2024,16762,22416,65+
2023-2024,7913,10892,75+
2023-2024,83629,138880,18+
2023-2024,23867,40982,18-49
2023-2024,48473,81309,18-64
2023-2024,24606,40327,50-64
2023-2024,29498,47742,60-74
2023-2024,35155,57571,65+
2023-2024,16403,27295,75+
2023-2024,131066,269946,18+
2023-2024,38043,79025,18-49
2023-2024,74547,155856,18-64
2023-2024,36505,76832,50-64
2023-2024,43934,91676,60-74
2023-2024,56518,114089,65+
2023-2024,28611,55906,75+
2023-2024,189624,459570,18+
2023-2024,52597,131622,18-49
2023-2024,101573,257429,18-64
2023-2024,48976,125808,50-64
2023-2024,60183,151859,60-74
2023-2024,88051,202140,65+
2023-2024,49081,104987,75+
2023-2024,208519,668089,18+
2023-2024,57884,189506,18-49
2023-2024,111865,369294,18-64
2023-2024,53981,179789,50-64
2023-2024,65821,217680,60-74
2023-2024,96653,298793,65+
2023-2024,53797,158784,75+
2023-2024,191775,859864,18+
2023-2024,55905,245411,18-49
2023-2024,109217,478511,18-64
2023-2024,53312,233101,50-64
2023-2024,63934,281614,60-74
2023-2024,82557,381350,65+
2023-2024,41594,200378,75+
2023-2024,186352,1046216,18+
2023-2024,56862,302273,18-49
2023-2024,109305,587816,18-64
2023-2024,52443,285544,50-64
2023-2024,61994,343608,60-74
2023-2024,77047,458397,65+
2023-2024,37562,237940,75+
2023-2024,175668,1221884,18+
2023-2024,54067,356340,18-49
2023-2024,103525,691341,18-64
2023-2024,49458,335002,50-64
2023-2024,60711,404319,60-74
2023-2024,72143,530540,65+
2023-2024,33501,271441,75+
2023-2024,102225,1324109,18+
2023-2024,37376,393716,18-49
2023-2024,65996,757337,18-64
2023-2024,28620,363622,50-64
2023-2024,31259,435578,60-74
2023-2024,36229,566769,65+
2023-2024,16915,288356,75+
2023-2024,141610,1465719,18+
2023-2024,45948,439664,18-49
2023-2024,87587,844924,18-64
2023-2024,41639,405261,50-64
2023-2024,47113,482691,60-74
2023-2024,54023,620792,65+
2023-2024,24739,313095,75+
2023-2024,122485,1588204,18+
2023-2024,40268,479932,18-49
2023-2024,76182,921106,18-64
2023-2024,35913,441174,50-64
2023-2024,40368,523059,60-74
2023-2024,46303,667095,65+
2023-2024,20869,333964,75+
2023-2024,112670,1700874,18+
2023-2024,37731,517663,18-49
2023-2024,71964,993070,18-64
2023-2024,34233,475407,50-64
2023-2024,37123,560182,60-74
2023-2024,40705,707800,65+
2023-2024,17865,351829,75+
2023-2024,100656,1801530,18+
2023-2024,38624,556287,18-49
2023-2024,67844,1060914,18-64
2023-2024,29219,504626,50-64
2023-2024,30891,591073,60-74
2023-2024,32812,740612,65+
2023-2024,13921,365750,75+
2023-2024,52975,1854505,18+
2023-2024,20708,576995,18-49
2023-2024,36695,1097609,18-64
2023-2024,15987,520613,50-64
2023-2024,15368,606441,60-74
2023-2024,16280,756892,65+
2023-2024,7115,372865,75+
2023-2024,64958,1919463,18+
2023-2024,25792,602787,18-49
2023-2024,42952,1140561,18-64
2023-2024,17160,537773,50-64
2023-2024,19020,625461,60-74
2023-2024,22006,778898,65+
2023-2024,10090,382955,75+
2023-2024,74681,1994144,18+
2023-2024,29413,632200,18-49
2023-2024,49712,1190273,18-64
2023-2024,20299,558072,50-64
2023-2024,22081,647542,60-74
2023-2024,24969,803867,65+
2023-2024,10895,393850,75+
2023-2024,54167,2048311,18+
2023-2024,21028,653228,18-49
2023-2024,36021,1226294,18-64
2023-2024,14993,573065,50-64
2023-2024,16630,664172,60-74
2023-2024,18147,822014,65+
2023-2024,7764,401614,75+
2023-2024,57586,2105897,18+
2023-2024,22711,675939,18-49
2023-2024,38472,1264766,18-64
2023-2024,15761,588826,50-64
2023-2024,16147,680319,60-74
2023-2024,19114,841128,65+
2023-2024,8976,410590,75+
2023-2024,54044,2159941,18+
2023-2024,21700,697639,18-49
2023-2024,36734,1301500,18-64
2023-2024,15034,603860,50-64
2023-2024,15337,695656,60-74
2023-2024,17309,858437,65+
2023-2024,8015,418605,75+
2023-2024,49587,2209528,18+
2023-2024,20246,717885,18-49
2023-2024,33613,1335113,18-64
2023-2024,13368,617228,50-64
2023-2024,14516,710172,60-74
2023-2024,15974,874411,65+
2023-2024,6983,425588,75+
2023-2024,38409,2247937,18+
2023-2024,15621,733506,18-49
2023-2024,26249,1361362,18-64
2023-2024,10628,627856,50-64
2023-2024,10927,721099,60-74
2023-2024,12160,886571,65+
2023-2024,5464,431052,75+
2023-2024,22927,2270864,18+
2023-2024,8851,742357,18-49
2023-2024,15228,1376590,18-64
2023-2024,6377,634233,50-64
2023-2024,6634,727733,60-74
2023-2024,7700,894271,65+
2023-2024,3652,434704,75+
2023-2024,24180,2295044,18+
2023-2024,9697,752054,18-49
2023-2024,16057,1392647,18-64
2023-2024,6360,640593,50-64
2023-2024,6908,734641,60-74
2023-2024,8122,902393,65+
2023-2024,3630,438334,75+
2023-2024,31187,2326231,18+
2023-2024,12050,764104,18-49
2023-2024,19274,1411921,18-64
2023-2024,7224,647817,50-64
2023-2024,9317,743958,60-74
2023-2024,11913,914306,65+
2023-2024,5576,443910,75+
2023-2024,29945,2356176,18+
2023-2024,10834,774938,18-49
2023-2024,17378,1429299,18-64
2023-2024,6544,654361,50-64
2023-2024,9210,753168,60-74
2023-2024,12567,926873,65+
2023-2024,5865,449775,75+
2023-2024,29618,2385794,18+
2023-2024,9965,784903,18-49
2023-2024,16357,1445656,18-64
2023-2024,6392,660753,50-64
2023-2024,9433,762601,60-74
2023-2024,13261,940134,65+
2023-2024,6308,456083,75+
2023-2024,27728,2413522,18+
2023-2024,9731,794634,18-49
2023-2024,15455,1461111,18-64
2023-2024,5724,666477,50-64
2023-2024,8837,771438,60-74
2023-2024,12273,952407,65+
2023-2024,5650,461733,75+
2023-2024,29083,2442605,18+
2023-2024,9027,803661,18-49
2023-2024,14946,1476057,18-64
2023-2024,5919,672396,50-64
2023-2024,9566,781004,60-74
2023-2024,14138,966545,65+
2023-2024,7149,468882,75+
2023-2024,28947,2471552,18+
2023-2024,8704,812365,18-49
2023-2024,14109,1490166,18-64
2023-2024,5404,677800,50-64
2023-2024,8919,789923,60-74
2023-2024,14838,981383,65+
2023-2024,8066,476948,75+
2023-2024,42708,2514260,18+
2023-2024,8425,820790,18-49
2023-2024,13730,1503896,18-64
2023-2024,5305,683105,50-64
2023-2024,9091,799014,60-74
2023-2024,28978,1010361,65+
2023-2024,21921,498869,75+
2023-2024,56468,2570728,18+
2023-2024,7760,828550,18-49
2023-2024,12393,1516289,18-64
2023-2024,4634,687739,50-64
2023-2024,10000,809014,60-74
2023-2024,44074,1054435,65+
2023-2024,36029,534898,75+
2023-2024,25933,2596661,18+
2023-2024,5935,834485,18-49
2023-2024,9600,1525889,18-64
2023-2024,3665,691404,50-64
2023-2024,7506,816520,60-74
2023-2024,16333,1070768,65+
2023-2024,10385,545283,75+
2023-2024,20769,2617430,18+
2023-2024,5376,839861,18-49
2023-2024,8529,1534418,18-64
2023-2024,3152,694556,50-64
2023-2024,6523,823043,60-74
2023-2024,12241,1083009,65+
2023-2024,7040,552323,75+
2023-2024,21396,2638826,18+
2023-2024,6973,846834,18-49
2023-2024,9982,1544400,18-64
2023-2024,3009,697565,50-64
2023-2024,6214,829257,60-74
2023-2024,11414,1094423,65+
2023-2024,6396,558719,75+
2023-2024,20960,2659786,18+
2023-2024,5798,852632,18-49
2023-2024,8775,1553175,18-64
2023-2024,2977,700542,50-64
2023-2024,6430,835687,60-74
2023-2024,12184,1106607,65+
2023-2024,6905,565624,75+
2023-2024,15056,2674842,18+
2023-2024,4597,857229,18-49
2023-2024,6704,1559879,18-64
2023-2024,2107,702649,50-64
2023-2024,4632,840319,60-74
2023-2024,8352,1114959,65+
2023-2024,4496,570120,75+
2023-2024,19818,2694660,18+
2023-2024,6104,863333,18-49
2023-2024,9056,1568935,18-64
2023-2024,2952,705601,50-64
2023-2024,6172,846491,60-74
2023-2024,10762,1125721,65+
2023-2024,5740,575860,75+
2023-2024,18571,2713231,18+
2023-2024,5224,868557,18-49
2023-2024,7965,1576900,18-64
2023-2024,2741,708342,50-64
2023-2024,5756,852247,60-74
2023-2024,10606,1136327,65+
2023-2024,5872,581732,75+
2023-2024,16356,2729587,18+
2023-2024,5136,873693,18-49
2023-2024,7987,1584887,18-64
2023-2024,2851,711193,50-64
2023-2024,5088,857335,60-74
2023-2024,8369,1144696,65+
2023-2024,4382,586114,75+
2023-2024,15890,2745477,18+
2023-2024,5106,878799,18-49
2023-2024,7777,1592664,18-64
2023-2024,2670,713863,50-64
2023-2024,5340,862675,60-74
2023-2024,8113,1152809,65+
2023-2024,3919,590033,75+
2023-2024,11380,2756857,18+
2023-2024,3878,882677,18-49
2023-2024,5778,1598442,18-64
2023-2024,1900,715763,50-64
2023-2024,3395,866070,60-74
2023-2024,5602,1158411,65+
2023-2024,2882,592915,75+
2023-2024,12755,2769612,18+
2023-2024,4120,886797,18-49
2023-2024,6171,1604613,18-64
2023-2024,2051,717814,50-64
2023-2024,4179,870249,60-74
2023-2024,6584,1164995,65+
2023-2024,3253,596168,75+
2023-2024,10531,2780143,18+
2023-2024,3320,890117,18-49
2023-2024,5196,1609809,18-64
2023-2024,1875,719689,50-64
2023-2024,3340,873589,60-74
2023-2024,5336,1170331,65+
2023-2024,2702,598870,75+
2023-2024,9978,2790121,18+
2023-2024,3394,893511,18-49
2023-2024,4955,1614764,18-64
2023-2024,1560,721249,50-64
2023-2024,3097,876686,60-74
2023-2024,5023,1175354,65+
2023-2024,2472,601342,75+
2023-2024,7186,2797307,18+
2023-2024,2428,895939,18-49
2023-2024,3627,1618391,18-64
2023-2024,1199,722448,50-64
2023-2024,2346,879032,60-74
2023-2024,3560,1178914,65+
2023-2024,1687,603029,75+
2024-2025,5575,5575,18+
2024-2025,1431,1431,18-49
2024-2025,2933,2933,18-64
2024-2025,1502,1502,50-64
2024-2025,1880,1880,60-74
2024-2025,2642,2642,65+
2024-2025,1363,1363,75+
2024-2025,29234,34809,18+
2024-2025,6522,7953,18-49
2024-2025,13865,16798,18-64
2024-2025,7342,8844,50-64
2024-2025,11007,12887,60-74
2024-2025,15369,18011,65+
2024-2025,7724,9087,75+
2024-2025,88217,123026,18+
2024-2025,23757,31710,18-49
2024-2025,47212,64010,18-64
2024-2025,23455,32299,50-64
2024-2025,30952,43839,60-74
2024-2025,41005,59016,65+
2024-2025,20332,29419,75+
2024-2025,155461,278487,18+
2024-2025,42850,74560,18-49
2024-2025,82729,146739,18-64
2024-2025,39878,72177,50-64
2024-2025,53163,97002,60-74
2024-2025,72733,131749,65+
2024-2025,37063,66482,75+
2024-2025,209115,487602,18+
2024-2025,56265,130825,18-49
2024-2025,107861,254600,18-64
2024-2025,51596,123773,50-64
2024-2025,71873,168875,60-74
2024-2025,101254,233003,65+
2024-2025,52162,118644,75+
2024-2025,265819,753421,18+
2024-2025,72891,203716,18-49
2024-2025,136071,390671,18-64
2024-2025,63180,186953,50-64
2024-2025,86266,255141,60-74
2024-2025,129748,362751,65+
2024-2025,71217,189861,75+
2024-2025,278911,1032332,18+
2024-2025,78268,281984,18-49
2024-2025,144737,535408,18-64
2024-2025,66468,253421,50-64
2024-2025,88224,343365,60-74
2024-2025,134174,496925,65+
2024-2025,74322,264183,75+
2024-2025,274020,1306352,18+
2024-2025,80165,362149,18-49
2024-2025,146463,681871,18-64
2024-2025,66298,319719,50-64
2024-2025,84773,428138,60-74
2024-2025,127557,624482,65+
2024-2025,71490,335673,75+
2024-2025,267026,1573378,18+
2024-2025,78149,440298,18-49
2024-2025,142812,824683,18-64
2024-2025,64663,384382,50-64
2024-2025,81714,509852,60-74
2024-2025,124214,748696,65+
2024-2025,70469,406142,75+
2024-2025,511321,2749111,18-49
2023-2024,42099,42099,18-64
2024-2025,1030904,1460290,65+
2023-2024,55782,12489528,60-74
2023-2024,748681,26686594,18+
2023-2024,87312,6558473,75+
2023-2024,12144,7220489,50-64
2023-2024,66957,32676465,18+
2023-2024,32238,14880047,18-64
2023-2024,752254,794353,18-64
2023-2024,790104,7790905,60-74
2023-2024,288948,10366095,60-74
2023-2024,135249,31452843,18+
2023-2024,24656,7970618,75+
2023-2024,134655,6356411,50-64
2023-2024,193124,13459992,18-64
2024-2025,1038287,4665242,18-64
2023-2024,242072,5718526,18-49
2023-2024,11951,7232440,50-64
2023-2024,22957,7281230,18-49
2023-2024,103395,11436223,60-74
2023-2024,60159,6910361,75+
2023-2024,39298,14811305,18-64
2024-2025,309225,309225,60-74
2024-2025,1447456,7239628,65+
2023-2024,1482989,22256101,18+
2023-2024,1473562,4982028,18-64
2023-2024,13287,7160150,50-64
2024-2025,1691313,2391785,18+
2023-2024,1862119,6561203,65+
2023-2024,30580,7207753,18-49
2023-2024,55259,15666203,65+
2023-2024,875691,11506113,65+
2023-2024,125172,11332828,60-74
2023-2024,25987,7996605,75+
2023-2024,11890,7172040,50-64
2023-2024,120118,13727618,18-64
2023-2024,69820,13972984,18-64
2023-2024,240686,30613110,18+
2024-2025,2485742,11904868,18+
2023-2024,1738644,20773112,18+
2023-2024,180290,10812147,60-74
2023-2024,32388,7917405,75+
2024-2025,308469,436220,18-49
2023-2024,480479,4059288,18-49
2023-2024,55223,17560150,65+
2023-2024,19735,19735,50-64
2023-2024,67075,6767375,50-64
2023-2024,29230,7177173,18-49
2023-2024,12565,7184605,50-64
2023-2024,1669935,2695049,65+
2023-2024,3335680,11543229,18+
2023-2024,754055,3702977,75+
2023-2024,110654,15404534,65+
2023-2024,47483,12636381,60-74
2023-2024,22853,8019458,75+
2024-2025,492155,3241266,18-49
2023-2024,65226,15558277,65+
2023-2024,33402,7113910,18-49
2023-2024,31945,14711574,18-64
2023-2024,448606,4507894,18-49
2023-2024,44059,6865496,50-64
2023-2024,93582,7225044,75+
2023-2024,40635,7853174,75+
2024-2025,424282,1246480,18-49
2024-2025,491398,2918849,50-64
2024-2025,2175446,16400239,18+
2023-2024,2004035,4699084,65+
2024-2025,637311,4128429,75+
2023-2024,644071,3259915,50-64
2023-2024,2601185,17015603,18+
2023-2024,29688,14741262,18-64
2023-2024,181394,30996452,18+
2023-2024,22749,8042207,75+
2023-2024,122487,29583929,18+
2023-2024,26759,7234512,18-49
2023-2024,25411,6954576,50-64
2024-2025,700472,700472,18+
2023-2024,34719,17796417,65+
2023-2024,48957,17761698,65+
2023-2024,315550,5210803,18-49
2023-2024,219978,5938504,18-49
2023-2024,117589,15783792,65+
2023-2024,12093,7244533,50-64
2023-2024,54733,17712741,65+
2023-2024,13614,13614,75+
2023-2024,2910851,4730318,18+
2023-2024,559430,9005406,60-74
2023-2024,429214,12400709,18-64
2023-2024,72213,12370730,60-74
2023-2024,343708,10077147,60-74
2023-2024,319466,14285884,65+
2023-2024,40229,7000985,75+
2023-2024,63016,12433746,60-74
2023-2024,1199953,7441727,18-64
2023-2024,289273,12982630,18-64
2023-2024,40062,14335571,18-64
2023-2024,31909,14679629,18-64
2023-2024,11497,7208345,50-64
2023-2024,427843,441457,75+
2023-2024,1473196,3508466,18-64
2023-2024,85461,32609508,18+
2023-2024,175776,29877066,18+
2023-2024,908039,2090272,75+
2023-2024,24219,7077505,75+
2023-2024,50854,14250717,18-64
2023-2024,50152,12539680,60-74
2023-2024,257512,30134578,18+
2024-2025,2367127,6955169,18+
2023-2024,206321,11018468,60-74
2023-2024,29409,7030394,75+
2023-2024,117361,29701290,18+
2024-2025,397251,3785829,50-64
2023-2024,1240917,2035270,18-64
2023-2024,189188,11207656,60-74
2024-2025,1471273,4307209,65+
2023-2024,740776,1182233,75+
2023-2024,237846,30372424,18+
2023-2024,58563,17453870,65+
2023-2024,79333,32430016,18+
2023-2024,862953,9267000,18-64
2023-2024,36504,14847809,18-64
2023-2024,58188,14093274,18-64
2023-2024,48588,17658008,65+
2023-2024,62102,14035086,18-64
2023-2024,31220,12781876,60-74
2023-2024,22447,7303677,18-49
2023-2024,30745,14772007,18-64
2024-2025,127751,127751,18-49
2023-2024,133041,6489452,50-64
2023-2024,40206,12715423,60-74
2023-2024,87168,32271726,18+
2024-2025,385978,822198,18-49
2023-2024,187685,16172561,65+
2023-2024,105511,6784225,75+
2023-2024,201948,30815058,18+
2023-2024,23761,7258273,18-49
2024-2025,699127,7340034,60-74
2024-2025,912617,1946382,60-74
2023-2024,189832,16362393,65+
2023-2024,124742,6614194,50-64
2023-2024,779178,1859185,50-64
2023-2024,65977,6850202,75+
2024-2025,704435,3491118,75+
2023-2024,1154821,5981824,60-74
2023-2024,43951,7770374,75+
2024-2025,995657,3912349,60-74
2023-2024,596951,3578809,18-49
2023-2024,141332,16660880,65+
2023-2024,49218,12588898,60-74
2023-2024,134232,6471161,75+
2023-2024,404894,12649717,65+
2023-2024,19580,7409765,18-49
2023-2024,439872,13599626,65+
2023-2024,157992,6336944,18-49
2023-2024,33257,33257,65+
2023-2024,2018865,19034468,18+
2023-2024,21902,7368909,18-49
2023-2024,24812,8067019,75+
2024-2025,970310,2916692,60-74
2023-2024,670049,1080007,50-64
2023-2024,387359,4895253,18-49
2023-2024,99429,13827047,18-64
2023-2024,20599,7450868,18-49
2023-2024,11770,7285926,50-64
2023-2024,390223,409958,50-64
2023-2024,33408,6898904,50-64
2023-2024,21733,7325410,18-49
2023-2024,15210,8104702,75+
2023-2024,76117,13903164,18-64
2023-2024,52667,15610944,65+
2023-2024,157155,16519548,65+
2023-2024,86106,6700300,50-64
2023-2024,120241,6678714,75+
2023-2024,38836,12675217,60-74
2023-2024,972843,23228944,18+
2023-2024,188766,6221756,50-64
2023-2024,201084,15984876,65+
2023-2024,12972,7133805,50-64
2024-2025,481622,5192201,75+
2023-2024,1401231,9573877,65+
2023-2024,75356,75356,18+
2023-2024,1026261,24255205,18+
2023-2024,265651,5476454,18-49
2023-2024,15445,7259978,50-64
2023-2024,1056545,10630422,65+
2023-2024,50395,6960756,75+
2023-2024,39559,7043817,18-49
2023-2024,169276,31165728,18+
2023-2024,394897,9733439,60-74
2024-2025,1213561,9770396,65+
2023-2024,91405,32101592,18+
2023-2024,67294,11587390,60-74
2023-2024,21597,7347007,18-49
2023-2024,907689,25162894,18+
2023-2024,56428,14149702,18-64
2024-2025,473579,1720059,18-49
2024-2025,902651,5797596,60-74
2023-2024,50161,14199863,18-64
2023-2024,54062,6821437,50-64
2024-2025,961885,6629846,18-64
2023-2024,858650,2948922,75+
2023-2024,44792,14295509,18-64
2023-2024,42093,11722376,60-74
2024-2025,2463957,9419126,18+
2024-2025,982596,4894945,60-74
2023-2024,2871189,14414418,18+
2023-2024,557659,27747905,18+
2023-2024,12243,7196848,50-64
2024-2025,143334,143334,50-64
2023-2024,116879,31813108,18+
2023-2024,49270,17609420,65+
2023-2024,31065,12878927,60-74
2024-2025,1375646,2835936,65+
2023-2024,744279,10011279,18-64
2023-2024,117554,11914868,60-74
2024-2025,2319925,14224793,18+
2023-2024,96862,31909970,18+
2023-2024,467817,11563268,18-64
2023-2024,70804,7551921,75+
2023-2024,516223,11095451,18-64
2024-2025,520555,2427451,50-64
2023-2024,34960,14515777,18-64
2023-2024,22892,7053286,75+
2023-2024,655289,4358266,75+
2023-2024,268386,14765274,65+
2023-2024,333136,9338542,60-74
2023-2024,28179,28179,60-74
2023-2024,1259746,6241774,18-64
2023-2024,76678,7481117,75+
2024-2025,895855,2647960,18-64
2023-2024,336278,5580710,75+
2023-2024,42709,7004258,18-49
2023-2024,35612,14446247,18-64
2023-2024,746292,774471,60-74
2023-2024,211004,14496888,65+
2023-2024,65392,17328160,65+
2023-2024,20411,7471279,18-49
2023-2024,108019,12131966,60-74
2023-2024,17737,7508818,18-49
2023-2024,240488,15005762,65+
2023-2024,88248,7313292,75+
2023-2024,756659,2615844,50-64
2023-2024,281707,28901381,18+
2023-2024,20930,7022687,50-64
2023-2024,78957,32350683,18+
2024-2025,2196257,4588042,18+
2023-2024,153919,15159681,65+
2023-2024,30261,6929165,50-64
2023-2024,567949,10579228,18-64
2023-2024,408227,11971495,18-64
2023-2024,240448,6178952,18-49
2023-2024,91147,7404439,75+
2023-2024,503652,27190246,18+
2023-2024,130973,16791853,65+
2023-2024,21276,7390185,18-49
2023-2024,159496,6652672,18-49
2023-2024,20274,7042961,50-64
2023-2024,156232,6493176,18-49
2023-2024,32639,12948123,60-74
2023-2024,107018,6759690,18-49
2023-2024,33069,14614878,18-64
2024-2025,517731,2237790,18-49
2023-2024,265762,10631857,60-74
2023-2024,356920,5116025,50-64
2023-2024,115105,16906958,65+
2024-2025,1002719,5667961,18-64
2023-2024,366792,13966418,65+
2023-2024,14178,7274156,50-64
2024-2025,188976,188976,75+
2023-2024,109079,12023947,60-74
2023-2024,50060,7726423,75+
2024-2025,820611,1752105,18-64
2023-2024,775019,25937913,18+
2023-2024,80433,6840123,18-49
2023-2024,1744111,1819467,18+
2023-2024,362031,384395,18-49
2023-2024,85501,17180452,65+
2024-2025,1317207,8556835,65+
2024-2025,582150,4710579,75+
2023-2024,176204,5756914,75+
2023-2024,34449,12816325,60-74
2023-2024,13879,7120833,50-64
2023-2024,28557,7945962,75+
2024-2025,1484963,5792172,65+
2023-2024,88356,17094951,65+
2024-2025,660409,931494,18-64
2023-2024,962320,8404047,18-64
2023-2024,50100,11637490,60-74
2024-2025,422947,3664213,18-49
2024-2025,1001161,10771557,65+
2023-2024,603002,3862917,50-64
2023-2024,151866,31317594,18+
2023-2024,24482,12972605,60-74
2024-2025,469729,3388578,50-64
2023-2024,16301,7077295,50-64
2023-2024,22473,8089492,75+
2024-2025,271085,271085,18-64
2023-2024,991857,1025114,65+
2023-2024,716903,2366183,18-49
2023-2024,510037,13159754,65+
2023-2024,252399,5368424,50-64
2023-2024,120461,31696229,18+
2023-2024,31537,12847862,60-74
2023-2024,147508,13607500,18-64
2023-2024,74938,11797314,60-74
2023-2024,32842,14647720,18-64
2023-2024,94031,32524047,18+
2023-2024,1351915,4827003,60-74
2023-2024,122925,31575768,18+
2023-2024,1018977,7000801,60-74
2023-2024,58562,7676363,75+
2023-2024,194099,6177004,75+
2024-2025,843311,6640907,60-74
2023-2024,1458407,3475088,60-74
2023-2024,615675,2981858,18-49
2023-2024,524726,28272631,18+
2024-2025,724540,1033765,60-74
2023-2024,42793,11680283,60-74
2024-2025,429386,429386,65+
2023-2024,159925,6336929,75+
2023-2024,292648,12693357,18-64
2023-2024,99637,17006595,65+
2024-2025,434633,929907,50-64
2023-2024,83873,11520096,60-74
2023-2024,55370,6961549,18-49
2023-2024,34570,14480817,18-64
2023-2024,77881,12298517,60-74
2023-2024,88670,12220636,60-74
2024-2025,978995,3626955,18-64
2023-2024,31843,7885017,75+
2023-2024,694018,1649280,18-49
2023-2024,22395,7001757,50-64
2023-2024,347043,28619674,18+
2024-2025,351940,495274,50-64
2024-2025,473907,662883,75+
2023-2024,100217,32010187,18+
2024-2025,671445,1334328,75+
2023-2024,188249,6032990,50-64
2023-2024,403179,5244432,75+
2023-2024,67147,17395307,65+
2023-2024,19802,7491081,18-49
2023-2024,88517,15493051,65+
2023-2024,18033,7060994,50-64
2024-2025,725915,2060243,75+
2023-2024,34033,7147943,18-49
2023-2024,36557,12915484,60-74
2023-2024,53957,7131462,75+
2023-2024,51057,17504927,65+
2023-2024,22326,7573649,18-49
2023-2024,250572,5618996,50-64
2023-2024,38303,14373874,18-64
2024-2025,726440,2786683,75+
2024-2025,820197,7450043,18-64
2023-2024,15346,7092641,50-64
2023-2024,36761,14410635,18-64
2023-2024,738710,12244823,65+
2023-2024,14313,7106954,50-64
2023-2024,225745,5844741,50-64
2023-2024,134199,15293880,65+
2023-2024,18652,7527470,18-49
2023-2024,414347,4759105,50-64
2023-2024,13058,7146863,50-64
2023-2024,24786,6979362,50-64
2023-2024,3477231,8207549,18+
2023-2024,82966,32184558,18+
2023-2024,20468,7594117,18-49
2023-2024,570867,955262,18-49
2023-2024,230772,29132153,18+
2023-2024,82316,17262768,65+
2024-2025,505416,1906896,50-64
2023-2024,35233,12750656,60-74
2023-2024,187946,29320099,18+
2023-2024,66056,6906179,18-49
2024-2025,1821359,18221598,18+
2023-2024,34563,14550340,18-64
2023-2024,1611443,8172646,65+
2024-2025,471573,1401480,50-64
2023-2024,481841,4344758,50-64
2023-2024,36691,7080508,18-49
2023-2024,65880,7617801,75+
2023-2024,482987,4841253,75+
2023-2024,655071,8445976,60-74
2023-2024,141343,29461442,18+
2023-2024,23853,7551323,18-49
2023-2024,22364,22364,18-49
2023-2024,1242210,2016681,60-74
2023-2024,284238,13266868,18-64
2023-2024,20504,7430269,18-49
2023-2024,42165,7812539,75+
2023-2024,31469,14581809,18-64
2023-2024,225991,5982905,75+
2023-2024,73806,15579001,18-64
2023-2024,401210,30667985,18+
2023-2024,99322,34914145,18+
2023-2024,120035,34704847,18+
2023-2024,66518,15645519,18-64
2023-2024,104491,16367462,65+
2023-2024,130331,7061669,75+
2023-2024,36638,7563398,50-64
2024-2025,2598836,15257125,18+
2023-2024,793164,2692676,50-64
2023-2024,466790,5044649,50-64
2023-2024,265457,15809629,65+
2023-2024,44942,16060177,18-64
2023-2024,150201,7027225,50-64
2023-2024,284816,31292094,18+
2024-2025,409735,853908,18-49
2024-2025,589589,3031095,18-49
2023-2024,49427,12408016,60-74
2023-2024,54872,18767831,65+
2023-2024,59426,18649623,65+
2024-2025,557012,2030669,50-64
2023-2024,352278,15026496,65+
2023-2024,35865,16498438,18-64
2024-2025,144836,144836,50-64
2023-2024,159951,17802214,65+
2023-2024,87756,7603818,18-49
2023-2024,156170,17642263,65+
2023-2024,717065,8789584,60-74
2023-2024,1075068,24553053,18+
2023-2024,384076,10600206,60-74
2023-2024,27322,7683440,50-64
2023-2024,48561,8371258,75+
2023-2024,40989,13602903,60-74
2023-2024,887261,3004828,75+
2023-2024,36339,8455137,75+
2023-2024,102366,15264526,18-64
2023-2024,352926,5604519,18-49
2024-2025,780841,7849886,60-74
2023-2024,63381,16568596,65+
2023-2024,26608,8293602,18-49
2024-2025,190339,190339,75+
2023-2024,128046,7412918,18-49
2023-2024,1548109,5137884,18-64
2024-2025,1046273,1478301,65+
2023-2024,42184,42184,18-64
2023-2024,480191,12964565,18-64
2023-2024,98236,13001640,60-74
2023-2024,116856,12903404,60-74
2023-2024,13997,7874689,50-64
2023-2024,332225,14123191,18-64
2023-2024,94556,7769375,75+
2024-2025,1067530,4081224,60-74
2023-2024,1699494,8374786,65+
2024-2025,274018,274018,18-64
2023-2024,997503,1030768,65+
2023-2024,1756775,1832224,18+
2023-2024,90337,35107540,18+
2023-2024,77462,15505195,18-64
2023-2024,849337,28488124,18+
2023-2024,178700,6913939,18-49
2023-2024,141541,31996334,18+
2023-2024,237533,31529627,18+
2023-2024,45212,15972136,18-64
2023-2024,60069,18883072,65+
2023-2024,44494,16421114,18-64
2024-2025,461914,4170211,50-64
2023-2024,584104,972377,18-49
2023-2024,26544,7487990,75+
2023-2024,115970,18077363,65+
2024-2025,674274,948292,18-64
2023-2024,33265,33265,65+
2024-2025,1174358,5055913,18-64
2023-2024,1395849,4918679,60-74
2023-2024,211984,33679988,18+
2023-2024,210341,33468004,18+
2023-2024,43468,13515536,60-74
2023-2024,55432,13418155,60-74
2023-2024,440741,5482372,75+
2023-2024,214968,6510968,75+
2023-2024,25998,7709438,50-64
2023-2024,23952,7733390,50-64
2023-2024,34429,8527694,75+
2023-2024,129502,16698098,65+
2023-2024,654835,3768315,18-49
2024-2025,1720547,2426594,18+
2023-2024,599407,30266775,18+
2023-2024,27074,8242817,18-49
2024-2025,552091,5598343,75+
2024-2025,778602,2905327,75+
2023-2024,803784,1899512,50-64
2023-2024,118512,12786548,60-74
2023-2024,52033,15877770,18-64
2024-2025,1577204,7602379,65+
2023-2024,261658,6285915,50-64
2023-2024,847804,10702620,18-64
2023-2024,14984,7905190,50-64
2023-2024,14814,7934352,50-64
2024-2025,572320,3603415,18-49
2023-2024,83827,7949999,75+
2024-2025,311105,311105,60-74
2023-2024,96797,7866172,75+
2023-2024,810853,12775363,65+
2023-2024,3060813,14873988,18+
2023-2024,225341,11643929,60-74
2023-2024,803136,3807964,75+
2023-2024,57427,7482724,50-64
2023-2024,95439,35399629,18+
2023-2024,311599,5916118,18-49
2024-2025,928084,7069045,60-74
2023-2024,536384,4304699,18-49
2023-2024,116406,7178075,75+
2024-2025,481631,671970,75+
2023-2024,1361319,6499203,18-64
2023-2024,20651,7775746,50-64
2023-2024,759273,801457,18-64
2023-2024,119542,12116542,60-74
2023-2024,497058,13461623,18-64
2023-2024,39896,16264516,18-64
2023-2024,47212,7426573,75+
2023-2024,35466,16339704,18-64
2023-2024,94500,18369375,65+
2024-2025,1023473,3013694,60-74
2023-2024,103144,7516062,18-49
2023-2024,1497884,9872670,65+
2023-2024,1686697,2717465,65+
2023-2024,73016,13242760,60-74
2023-2024,143694,34193198,18+
2023-2024,208334,33888322,18+
2023-2024,78159,15427733,18-64
2023-2024,56675,13362723,60-74
2023-2024,148153,6836911,75+
2023-2024,35736,13824809,60-74
2023-2024,87801,8116670,75+
2023-2024,25735,8612373,75+
2023-2024,133042,15162160,18-64
2023-2024,26973,8186868,18-49
2023-2024,30207,8132227,18-49
2024-2025,2522588,7233656,18+
2024-2025,2449466,17706591,18+
2023-2024,339293,31007278,18+
2023-2024,22772,8414267,18-49
2023-2024,693047,3385723,50-64
2023-2024,54171,15825737,18-64
2023-2024,25720,8467160,18-49
2024-2025,467132,1321040,18-49
2023-2024,27849,7515839,75+
2023-2024,13851,7948203,50-64
2023-2024,17320,7979667,50-64
2023-2024,227284,15253780,65+
2024-2025,359282,504118,50-64
2023-2024,333950,14457141,18-64
2023-2024,1167871,25720924,18+
2023-2024,31771,7595169,50-64
2023-2024,442010,10216130,60-74
2023-2024,32010,7627179,50-64
2023-2024,369779,5852151,75+
2023-2024,177790,6688758,75+
2023-2024,137839,34472894,18+
2023-2024,44036,7526760,50-64
2023-2024,127963,16262971,65+
2024-2025,2284474,4711068,18+
2023-2024,19761,19761,50-64
2024-2025,775652,3680979,75+
2024-2025,1416651,2894952,65+
2023-2024,17544,7812237,50-64
2024-2025,1451381,9053760,65+
2023-2024,222482,6508397,50-64
2023-2024,633945,11336565,18-64
2023-2024,229145,14686286,18-64
2023-2024,42125,16183813,18-64
2024-2025,501096,4104511,18-49
2023-2024,172066,15981695,65+
2023-2024,77909,18521028,65+
2023-2024,441123,13216486,65+
2023-2024,34873,7461446,75+
2023-2024,2809704,17683692,18+
2023-2024,2953345,4785569,18+
2023-2024,28939,7656118,50-64
2023-2024,60445,8271706,75+
2023-2024,39789,13679000,60-74
2023-2024,13618,13618,75+
2023-2024,556627,29044751,18+
2023-2024,156852,15029118,18-64
2023-2024,35244,13749176,60-74
2023-2024,27514,8665889,75+
2023-2024,282340,6198458,18-49
2023-2024,16897,8707731,75+
2023-2024,24908,8369880,18-49
2023-2024,1311818,7811021,18-64
2023-2024,406378,5451027,50-64
2023-2024,59533,7575372,75+
2023-2024,16067,7844428,50-64
2023-2024,99447,7674819,75+
2023-2024,12969,8008374,50-64
2023-2024,717885,1690262,18-49
2024-2025,583735,2614404,50-64
2024-2025,867823,1816115,18-64
2024-2025,1147456,6203369,18-64
2023-2024,854038,8072519,60-74
2023-2024,1487905,3522830,60-74
2023-2024,35786,8038173,18-49
2023-2024,94427,6931338,75+
2023-2024,69096,7425297,50-64
2023-2024,109976,34814823,18+
2024-2025,2673072,9906728,18+
2024-2025,2088385,19794976,18+
2023-2024,656983,4042706,50-64
2023-2024,99210,12215752,60-74
2024-2025,1125375,11520253,65+
2023-2024,150642,6877024,50-64
2023-2024,43338,16103515,18-64
2023-2024,48410,7786174,18-49
2023-2024,43099,16015235,18-64
2024-2025,529844,1850884,18-49
2023-2024,145414,31854793,18+
2023-2024,63336,18712959,65+
2024-2025,458088,962206,50-64
2024-2025,1108348,7311717,18-64
2023-2024,364395,9774120,60-74
2023-2024,1030174,26751098,18+
2023-2024,1924996,21819328,18+
2023-2024,46378,13561914,60-74
2023-2024,141802,11997000,60-74
2023-2024,185980,14872266,18-64
2023-2024,47540,8418798,75+
2023-2024,36308,13639211,60-74
2023-2024,709086,4517050,75+
2023-2024,171293,17486093,65+
2023-2024,505468,4810167,18-49
2023-2024,25823,8319425,18-49
2024-2025,691777,1363747,75+
2023-2024,24177,8266994,18-49
2023-2024,1266649,2068106,18-64
2023-2024,329343,13790966,18-64
2023-2024,16264,7860692,50-64
2023-2024,231031,33257663,18+
2023-2024,15517,7890206,50-64
2023-2024,268414,33026632,18+
2024-2025,990875,6140961,60-74
2023-2024,750388,778574,60-74
2023-2024,2039190,4756655,65+
2023-2024,40311,8002387,18-49
2023-2024,92088,35199628,18+
2023-2024,103058,35017203,18+
2023-2024,430818,444436,75+
2023-2024,257709,6456167,18-49
2023-2024,153313,16135008,65+
2023-2024,182024,7095963,18-49
2023-2024,21705,7755095,50-64
2023-2024,1071537,8882558,18-64
2023-2024,281019,5732046,50-64
2024-2025,129182,129182,18-49
2023-2024,53980,18937052,65+
2023-2024,55172,18823003,65+
2023-2024,41459,16462573,18-64
2023-2024,36916,16376620,18-64
2023-2024,754946,2445208,18-49
2023-2024,58410,7379361,75+
2024-2025,557866,3172270,50-64
2023-2024,145041,7172266,50-64
2023-2024,100597,18177960,65+
2023-2024,159179,17961393,65+
2024-2025,978584,2794699,18-64
2023-2024,1256351,2034925,60-74
2023-2024,1084798,7218481,60-74
2023-2024,58330,7737764,18-49
2023-2024,53913,13472068,60-74
2023-2024,193119,6045270,75+
2023-2024,78870,8028869,75+
2023-2024,38128,8493265,75+
2023-2024,73741,7251816,75+
2023-2024,29038,8556732,75+
2023-2024,28875,8215743,18-49
2023-2024,393423,413184,50-64
2024-2025,711633,4392612,75+
2023-2024,49154,15926924,18-64
2024-2025,1544006,4438958,65+
2023-2024,22896,8490056,18-49
2024-2025,1341118,10394878,65+
2023-2024,217985,6726382,50-64
2023-2024,603810,11940375,18-64
2023-2024,101099,7273365,50-64
2023-2024,14348,7919538,50-64
2024-2025,943569,1990221,60-74
2023-2024,564060,13780546,65+
2023-2024,44867,7922881,18-49
2023-2024,1139102,11011772,65+
2023-2024,39195,7962076,18-49
2023-2024,2210640,19894332,18+
2023-2024,3560860,8346429,18+
2023-2024,195658,11418588,60-74
2023-2024,104562,35304190,18+
2024-2025,432028,432028,65+
2023-2024,924442,2117567,75+
2023-2024,59738,15771566,18-64
2023-2024,524581,5041631,75+
2023-2024,77386,16444848,65+
2023-2024,74143,35473772,18+
2023-2024,441426,5251593,18-49
2023-2024,287457,32490754,18+
2023-2024,206963,32203297,18+
2023-2024,18947,7794693,50-64
2023-2024,1521669,3589775,18-64
2023-2024,543999,12484374,18-64
2023-2024,61027,12358589,60-74
2023-2024,39722,16304238,18-64
2023-2024,38279,18975331,65+
2023-2024,22423,22423,18-49
2023-2024,179752,31709379,18+
2023-2024,73744,18443119,65+
2024-2025,1068862,5150086,60-74
2023-2024,96915,18274875,65+
2023-2024,28186,28186,60-74
2023-2024,1918637,6675292,65+
2023-2024,63288,13306048,60-74
2023-2024,161182,34049504,18+
2023-2024,75449,75449,18+
2023-2024,26828,13851637,60-74
2023-2024,94591,8211261,75+
2023-2024,39897,13789073,60-74
2023-2024,26002,8638375,75+
2023-2024,200946,17112695,65+
2023-2024,29906,8586638,75+
2023-2024,213651,16911749,65+
2023-2024,27668,8159895,18-49
2024-2025,2751561,12658289,18+
2023-2024,84255,12541272,60-74
2023-2024,27173,8441440,18-49
2023-2024,535153,4577859,50-64
2023-2024,126764,12668036,60-74
2024-2025,590622,2441506,18-49
2023-2024,14144,7962347,50-64
2023-2024,290392,15544172,65+
2024-2025,511451,1473657,50-64
2023-2024,407497,14674218,65+
2023-2024,45452,7878014,18-49
2024-2025,963009,8274726,18-64
2023-2024,620141,9409725,60-74
2023-2024,887689,27638787,18+
2023-2024,1658657,23477985,18+
2023-2024,326071,10926277,60-74
2023-2024,250730,6296000,75+
2023-2024,188909,7284872,18-49
2023-2024,60367,16505215,65+
2023-2024,66309,15711828,18-64
2023-2024,111918,34584812,18+
2023-2024,211269,11855198,60-74
2024-2025,762978,2126725,75+
2023-2024,682544,1095728,50-64
2024-2025,653640,5046252,75+
2024-2025,1586217,6025175,65+
2023-2024,16124,7828361,50-64
2023-2024,69135,7320951,75+
2023-2024,81810,12297562,60-74
2023-2024,38173,16141688,18-64
2023-2024,40807,16224620,18-64
2023-2024,31382,8102020,18-49
2023-2024,69169,18590197,65+
2024-2025,735547,1046652,60-74
2023-2024,32465,8070638,18-49
2023-2024,486175,14266721,65+
2023-2024,952738,11964510,65+
2023-2024,86800,13088440,60-74
2023-2024,141857,34335055,18+
2023-2024,75616,7679434,18-49
2023-2024,81304,13169744,60-74
2023-2024,3466746,11813175,18+
2023-2024,296653,11222930,60-74
2023-2024,82836,7356201,50-64
2023-2024,50991,8322697,75+
2023-2024,34932,13713932,60-74
2023-2024,748689,1193125,75+
2023-2024,622617,29667368,18+
2023-2024,24945,8690834,75+
2023-2024,85048,15349574,18-64
2023-2024,46388,7832562,18-49
2023-2024,202105,17314800,65+
2023-2024,279072,6735239,18-49
2023-2024,25547,8344972,18-49
2023-2024,49001,12457017,60-74
2023-2024,21615,8391495,18-49
2023-2024,972258,9854816,18-64
2023-2024,292211,6024257,50-64
2024-2025,314991,444173,18-49
2023-2024,267464,32758218,18+
2023-2024,15738,7995405,50-64
2024-2025,706047,706047,18+
2023-2024,668272,3113480,18-49
2024-2025,536027,3708297,50-64
2023-2024,365850,388273,18-49
2024-2025,1086856,3881555,18-64
2023-2024,1215004,6133683,60-74
2024-2025,47914,667252,18-49
2024-2025,36790,814526,18-49
2024-2025,49735,1288007,18-64
2024-2025,28226,870742,60-74
2024-2025,34013,842516,60-74
2024-2025,32502,1203951,65+
2024-2025,95355,2701354,18+
2024-2025,77148,2371890,18+
2024-2025,27414,1083886,65+
2024-2025,125179,2497069,18+
2024-2025,88491,1238272,18-64
2024-2025,150156,2294742,18+
2024-2025,61665,1056472,65+
2024-2025,38588,777736,18-49
2024-2025,41738,739148,18-49
2024-2025,48071,1131957,65+
2024-2025,12903,570530,75+
2024-2025,15275,625411,75+
2024-2025,29062,557627,75+
2024-2025,108930,2605999,18+
2024-2025,40577,571016,50-64
2024-2025,26063,682875,50-64
2024-2025,19577,590593,50-64
2024-2025,69438,1434552,18-64
2024-2025,39492,1171449,65+
2024-2025,21868,592398,75+
2024-2025,62853,1497405,18-64
2024-2025,30158,697410,18-49
2024-2025,35370,625963,50-64
2024-2025,41189,808503,60-74
2024-2025,49828,744667,60-74
2024-2025,77107,1365114,18-64
2024-2025,17738,610136,75+
2024-2025,22647,767314,60-74
2024-2025,30849,656812,50-64
2024-2025,202069,9537606,60-74
2024-2025,229147,13469302,65+
2024-2025,214726,4869964,50-64
2024-2025,350606,9150867,60-74
2024-2025,141955,9854810,60-74
2024-2025,213349,6330278,75+
2024-2025,235531,10575855,18-64
2024-2025,464311,9755730,18-64
2024-2025,230372,13972193,65+
2024-2025,137906,5212438,18-49
2024-2025,465903,24548046,18+
2024-2025,100880,6431158,75+
2024-2025,124715,5465574,18-49
2024-2025,107111,5234995,50-64
2024-2025,327754,10083484,18-64
2024-2025,138986,5008950,50-64
2024-2025,102036,6656733,75+
2024-2025,128421,5340859,18-49
2024-2025,57384,564169,18-49
2024-2025,182728,1975892,18+
2024-2025,122409,947092,18-64
2024-2025,55921,440303,50-64
2024-2025,48930,455072,75+
2024-2025,97377,846073,65+
2024-2025,219786,1793164,18+
2024-2025,104158,1051250,18-64
2024-2025,78571,924644,65+
2024-2025,59259,641088,60-74
2024-2025,71977,581829,60-74
2024-2025,46774,487077,50-64
2024-2025,39203,494275,75+
2024-2025,66487,506785,18-49
2024-2025,339843,4125672,50-64
2024-2025,554711,12771099,65+
2024-2025,700355,8150398,18-64
2024-2025,382694,5574895,75+
2024-2025,542815,9291419,18-64
2024-2025,584209,7924243,60-74
2024-2025,465160,8389403,60-74
2024-2025,249976,4655238,50-64
2024-2025,253390,6116929,75+
2024-2025,279590,4405262,50-64
2024-2025,288644,5863539,75+
2024-2025,814254,11585811,65+
2024-2025,360512,4024725,18-49
2024-2025,630577,12216388,65+
2024-2025,318616,4343341,18-49
2024-2025,1228783,20964990,18+
2024-2025,1514609,19736207,18+
2024-2025,292839,4636180,18-49
2024-2025,1097526,22062516,18+
2024-2025,410858,8800261,60-74
2024-2025,598206,8748604,18-64
2024-2025,188768,5074532,18-49
2024-2025,182832,14155025,65+
2024-2025,249584,4885764,18-49
2024-2025,272519,13741821,65+
2024-2025,529360,24082143,18+
2024-2025,184670,9335537,60-74
2024-2025,175249,9712855,60-74
2024-2025,398001,24946047,18+
2024-2025,556901,23552783,18+
2024-2025,123539,6554697,75+
2024-2025,215169,10791024,18-64
2024-2025,90454,5325449,50-64
2024-2025,256840,10340324,18-64
2024-2025,79824,6736557,75+
2024-2025,469056,13240155,65+
2024-2025,118934,5127884,50-64
2024-2025,933366,22995882,18+
2024-2025,47336,2787945,18+
2024-2025,13913,895282,60-74
2024-2025,19902,851618,18-49
2024-2025,32812,1558553,18-64
2024-2025,14524,1229395,65+
2024-2025,6084,636238,75+
2024-2025,12910,706931,50-64
2024-2025,70163,994807,65+
2024-2025,168694,2144586,18+
2024-2025,34290,528565,75+
2024-2025,43362,530439,50-64
2024-2025,98531,1149781,18-64
2024-2025,53751,694839,60-74
2024-2025,55169,619338,18-49
2024-2025,431624,6029967,75+
2024-2025,709148,13141032,65+
2024-2025,822764,9097490,18-64
2024-2025,1411511,22940882,18+
2024-2025,656186,8506072,60-74
2024-2025,348008,5255518,18-49
2024-2025,326364,4892339,50-64
2024-2025,327847,6357814,75+
2024-2025,624874,13765906,65+
2024-2025,702364,9799854,18-64
2024-2025,1266220,24207102,18+
2024-2025,395764,4565975,50-64
2024-2025,287680,6645494,75+
2024-2025,641346,10441200,18-64
2024-2025,293338,5185677,50-64
2024-2025,464609,9495100,60-74
2024-2025,426999,4531510,18-49
2024-2025,911631,12431884,65+
2024-2025,376000,4907510,18-49
2024-2025,524419,9030491,60-74
2024-2025,1734395,21529371,18+
2024-2025,113783,7001688,75+
2024-2025,574833,27154045,18+
2024-2025,158563,5599543,50-64
2024-2025,167009,6118595,18-49
2024-2025,654539,26579212,18+
2024-2025,207317,10102851,60-74
2024-2025,320590,14873778,65+
2024-2025,333947,11705438,18-64
2024-2025,493356,27647401,18+
2024-2025,154304,5753847,50-64
2024-2025,161505,6280100,18-49
2024-2025,170181,10725552,60-74
2024-2025,145407,7147095,75+
2024-2025,297498,5553016,18-49
2024-2025,304969,12010407,18-64
2024-2025,400434,9895534,60-74
2024-2025,269864,15143642,65+
2024-2025,209262,10555371,60-74
2024-2025,530721,14296627,65+
2024-2025,218926,5771942,18-49
2024-2025,137960,5891807,50-64
2024-2025,1083522,25290624,18+
2024-2025,215334,15358976,65+
2024-2025,119774,7266869,75+
2024-2025,278022,12288429,18-64
2024-2025,179644,5951586,18-49
2024-2025,255303,5440980,50-64
2024-2025,256561,14553188,65+
2024-2025,242411,6887905,75+
2024-2025,552802,10994002,18-64
2024-2025,116517,6008324,50-64
2024-2025,377489,11371491,18-64
2024-2025,634049,25924673,18+
2024-2025,243258,10346109,60-74
2024-2025,95099,7361968,75+
2024-2025,10627,881369,60-74
2024-2025,17190,831716,18-49
2024-2025,4743,630154,75+
2024-2025,11146,694021,50-64
2024-2025,39255,2740609,18+
2024-2025,28336,1525741,18-64
2024-2025,10920,1214871,65+
2024-2025,34849,6771406,75+
2024-2025,83755,14238780,65+
2024-2025,124441,10915465,18-64
2024-2025,208197,25154244,18+
2024-2025,70343,9925153,60-74
2024-2025,71920,5537494,18-49
2024-2025,52521,5377970,50-64
2024-2025,39592,7401560,75+
2024-2025,264212,25418456,18+
2024-2025,79771,5617265,18-49
2024-2025,121482,14360262,65+
2024-2025,142729,11058194,18-64
2024-2025,62958,5440928,50-64
2024-2025,94362,10019515,60-74
2024-2025,53543,6824949,75+
2024-2025,59627,7461187,75+
2024-2025,99673,6468883,18-49
2024-2025,108275,10914797,60-74
2024-2025,136006,15589657,65+
2024-2025,311548,28206401,18+
2024-2025,75868,6147859,50-64
2024-2025,175541,12616747,18-64
2024-2025,18449,913731,60-74
2024-2025,16104,723035,50-64
2024-2025,9287,645525,75+
2024-2025,30619,882237,18-49
2024-2025,21064,1250459,65+
2024-2025,67787,2855732,18+
2024-2025,46723,1605276,18-64
2024-2025,270421,25688877,18+
2024-2025,84657,5701922,18-49
2024-2025,125800,14486062,65+
2024-2025,144621,11202815,18-64
2024-2025,96268,10115783,60-74
2024-2025,59964,5500892,50-64
2024-2025,54966,6879915,75+
2024-2025,26535,908772,18-49
2024-2025,18163,931894,60-74
2024-2025,42701,1647977,18-64
2024-2025,21176,1271635,65+
2024-2025,63877,2919609,18+
2024-2025,16167,739202,50-64
2024-2025,9955,655480,75+
2024-2025,80970,10806522,60-74
2024-2025,63667,6071991,50-64
2024-2025,247452,27894853,18+
2024-2025,89110,6369210,18-49
2024-2025,152777,12441206,18-64
2024-2025,94675,15453651,65+
2024-2025,114717,11029514,60-74
2024-2025,338208,28544609,18+
2024-2025,115276,6584159,18-49
2024-2025,191344,12808091,18-64
2024-2025,146864,15736521,65+
2024-2025,64253,7525440,75+
2024-2025,76068,6223927,50-64
2024-2025,67810,5769732,18-49
2024-2025,111680,14597742,65+
2024-2025,229030,25917907,18+
2024-2025,50994,6930909,75+
2024-2025,117350,11320165,18-64
2024-2025,81833,10197616,60-74
2024-2025,49540,5550432,50-64
2024-2025,94345,6678504,18-49
2024-2025,99996,11129510,60-74
2024-2025,132856,15869377,65+
2024-2025,292907,28837516,18+
2024-2025,160051,12968142,18-64
2024-2025,65707,6289634,50-64
2024-2025,60949,7586389,75+
2024-2025,6102,661582,75+
2024-2025,12756,751958,50-64
2024-2025,13239,945133,60-74
2024-2025,33292,1681269,18-64
2024-2025,47572,2967181,18+
2024-2025,14280,1285915,65+
2024-2025,20536,929308,18-49
2024-2025,89667,11409832,18-64
2024-2025,31356,6962265,75+
2024-2025,37340,5587772,50-64
2024-2025,52327,5822059,18-49
2024-2025,55734,10253350,60-74
2024-2025,71475,14669217,65+
2024-2025,161142,26079049,18+
2024-2025,208714,29046230,18+
2024-2025,72863,6751367,18-49
2024-2025,85755,15955132,65+
2024-2025,122959,13091101,18-64
2024-2025,68973,11198483,60-74
2024-2025,50096,6339730,50-64
2024-2025,37458,7623847,75+
