Week Ending,Influenza_Season,Estimate,MMWR_Year,MMWR_Week,As of date,Race and ethnicity,Current_Season_Week_Ending_Label
08/27/2022 12:00:00 AM,2022-2023,0.841,2022,34,,Overall,2024-08-24
09/03/2022 12:00:00 AM,2022-2023,1.61,2022,35,,Overall,2024-08-31
05/01/2021 12:00:00 AM,2020-2021,37.17,2021,17,,Hispanic,2025-04-26
05/08/2021 12:00:00 AM,2020-2021,37.19,2021,18,,Hispanic,2025-05-03
05/15/2021 12:00:00 AM,2020-2021,37.2,2021,19,,Hispanic,2025-05-10
05/22/2021 12:00:00 AM,2020-2021,37.21,2021,20,,Hispanic,2025-05-17
05/29/2021 12:00:00 AM,2020-2021,37.23,2021,21,,Hispanic,2025-05-24
08/07/2021 12:00:00 AM,2021-2022,0.0698,2021,31,,Hispanic,2024-08-03
08/14/2021 12:00:00 AM,2021-2022,0.204,2021,32,,Hispanic,2024-08-10
08/21/2021 12:00:00 AM,2021-2022,0.475,2021,33,,Hispanic,2024-08-17
08/28/2021 12:00:00 AM,2021-2022,0.884,2021,34,,Hispanic,2024-08-24
09/04/2021 12:00:00 AM,2021-2022,1.61,2021,35,,Hispanic,2024-08-31
09/11/2021 12:00:00 AM,2021-2022,2.75,2021,36,,Hispanic,2024-09-07
09/18/2021 12:00:00 AM,2021-2022,4.57,2021,37,,Hispanic,2024-09-14
09/25/2021 12:00:00 AM,2021-2022,7.03,2021,38,,Hispanic,2024-09-21
08/10/2019 12:00:00 AM,2019-2020,0.184,2019,32,,Overall,2024-08-03
08/17/2019 12:00:00 AM,2019-2020,0.447,2019,33,,Overall,2024-08-10
08/24/2019 12:00:00 AM,2019-2020,0.881,2019,34,,Overall,2024-08-17
08/31/2019 12:00:00 AM,2019-2020,1.58,2019,35,,Overall,2024-08-24
09/07/2019 12:00:00 AM,2019-2020,2.75,2019,36,,Overall,2024-08-31
09/14/2019 12:00:00 AM,2019-2020,5.1,2019,37,,Overall,2024-09-07
09/21/2019 12:00:00 AM,2019-2020,8.66,2019,38,,Overall,2024-09-14
09/28/2019 12:00:00 AM,2019-2020,13.56,2019,39,,Overall,2024-09-21
10/05/2019 12:00:00 AM,2019-2020,19.92,2019,40,,Overall,2024-09-28
10/12/2019 12:00:00 AM,2019-2020,26.7,2019,41,,Overall,2024-10-05
10/19/2019 12:00:00 AM,2019-2020,32.85,2019,42,,Overall,2024-10-12
10/26/2019 12:00:00 AM,2019-2020,38.36,2019,43,,Overall,2024-10-19
11/02/2019 12:00:00 AM,2019-2020,42.36,2019,44,,Overall,2024-10-26
11/09/2019 12:00:00 AM,2019-2020,45.42,2019,45,,Overall,2024-11-02
11/16/2019 12:00:00 AM,2019-2020,47.66,2019,46,,Overall,2024-11-09
11/23/2019 12:00:00 AM,2019-2020,49.53,2019,47,,Overall,2024-11-16
11/30/2019 12:00:00 AM,2019-2020,50.37,2019,48,,Overall,2024-11-23
12/07/2019 12:00:00 AM,2019-2020,51.48,2019,49,,Overall,2024-11-30
12/14/2019 12:00:00 AM,2019-2020,52.45,2019,50,,Overall,2024-12-07
12/21/2019 12:00:00 AM,2019-2020,53.17,2019,51,,Overall,2024-12-14
12/28/2019 12:00:00 AM,2019-2020,53.45,2019,52,,Overall,2024-12-21
01/04/2020 12:00:00 AM,2019-2020,53.75,2020,1,,Overall,2024-12-28
01/11/2020 12:00:00 AM,2019-2020,54.2,2020,2,,Overall,2025-01-04
01/18/2020 12:00:00 AM,2019-2020,54.56,2020,3,,Overall,2025-01-11
01/25/2020 12:00:00 AM,2019-2020,54.83,2020,4,,Overall,2025-01-18
02/01/2020 12:00:00 AM,2019-2020,55.08,2020,5,,Overall,2025-01-25
02/08/2020 12:00:00 AM,2019-2020,55.28,2020,6,,Overall,2025-02-01
02/15/2020 12:00:00 AM,2019-2020,55.44,2020,7,,Overall,2025-02-08
02/22/2020 12:00:00 AM,2019-2020,55.58,2020,8,,Overall,2025-02-15
02/29/2020 12:00:00 AM,2019-2020,55.73,2020,9,,Overall,2025-02-22
03/07/2020 12:00:00 AM,2019-2020,55.9,2020,10,,Overall,2025-03-01
03/14/2020 12:00:00 AM,2019-2020,56.05,2020,11,,Overall,2025-03-08
03/21/2020 12:00:00 AM,2019-2020,56.11,2020,12,,Overall,2025-03-15
03/28/2020 12:00:00 AM,2019-2020,56.14,2020,13,,Overall,2025-03-22
04/04/2020 12:00:00 AM,2019-2020,56.15,2020,14,,Overall,2025-03-29
04/11/2020 12:00:00 AM,2019-2020,56.16,2020,15,,Overall,2025-04-05
04/18/2020 12:00:00 AM,2019-2020,56.17,2020,16,,Overall,2025-04-12
04/25/2020 12:00:00 AM,2019-2020,56.18,2020,17,,Overall,2025-04-19
05/02/2020 12:00:00 AM,2019-2020,56.18,2020,18,,Overall,2025-04-26
05/09/2020 12:00:00 AM,2019-2020,56.19,2020,19,,Overall,2025-05-03
05/16/2020 12:00:00 AM,2019-2020,56.2,2020,20,,Overall,2025-05-10
05/23/2020 12:00:00 AM,2019-2020,56.21,2020,21,,Overall,2025-05-17
05/30/2020 12:00:00 AM,2019-2020,56.22,2020,22,,Overall,2025-05-24
08/08/2020 12:00:00 AM,2020-2021,0.0952,2020,32,,Overall,2024-08-03
08/15/2020 12:00:00 AM,2020-2021,0.485,2020,33,,Overall,2024-08-10
08/22/2020 12:00:00 AM,2020-2021,1.72,2020,34,,Overall,2024-08-17
08/29/2020 12:00:00 AM,2020-2021,3.49,2020,35,,Overall,2024-08-24
09/05/2020 12:00:00 AM,2020-2021,6.37,2020,36,,Overall,2024-08-31
09/12/2020 12:00:00 AM,2020-2021,10.33,2020,37,,Overall,2024-09-07
09/19/2020 12:00:00 AM,2020-2021,15.96,2020,38,,Overall,2024-09-14
09/26/2020 12:00:00 AM,2020-2021,22.02,2020,39,,Overall,2024-09-21
10/03/2020 12:00:00 AM,2020-2021,28.58,2020,40,,Overall,2024-09-28
10/10/2020 12:00:00 AM,2020-2021,35.54,2020,41,,Overall,2024-10-05
10/17/2020 12:00:00 AM,2020-2021,41.26,2020,42,,Overall,2024-10-12
10/24/2020 12:00:00 AM,2020-2021,45.86,2020,43,,Overall,2024-10-19
10/31/2020 12:00:00 AM,2020-2021,49.09,2020,44,,Overall,2024-10-26
11/07/2020 12:00:00 AM,2020-2021,51.19,2020,45,,Overall,2024-11-02
11/14/2020 12:00:00 AM,2020-2021,52.82,2020,46,,Overall,2024-11-09
11/21/2020 12:00:00 AM,2020-2021,54.1,2020,47,,Overall,2024-11-16
11/28/2020 12:00:00 AM,2020-2021,54.67,2020,48,,Overall,2024-11-23
12/05/2020 12:00:00 AM,2020-2021,55.36,2020,49,,Overall,2024-11-30
12/12/2020 12:00:00 AM,2020-2021,55.92,2020,50,,Overall,2024-12-07
12/19/2020 12:00:00 AM,2020-2021,56.33,2020,51,,Overall,2024-12-14
12/26/2020 12:00:00 AM,2020-2021,56.52,2020,52,,Overall,2024-12-21
01/02/2021 12:00:00 AM,2020-2021,56.69,2020,53,,Overall,2024-12-28
01/09/2021 12:00:00 AM,2020-2021,56.9,2021,1,,Overall,2025-01-04
01/16/2021 12:00:00 AM,2020-2021,57.07,2021,2,,Overall,2025-01-11
01/23/2021 12:00:00 AM,2020-2021,57.2,2021,3,,Overall,2025-01-18
01/30/2021 12:00:00 AM,2020-2021,57.31,2021,4,,Overall,2025-01-25
02/06/2021 12:00:00 AM,2020-2021,57.39,2021,5,,Overall,2025-02-01
02/13/2021 12:00:00 AM,2020-2021,57.45,2021,6,,Overall,2025-02-08
02/20/2021 12:00:00 AM,2020-2021,57.49,2021,7,,Overall,2025-02-15
02/27/2021 12:00:00 AM,2020-2021,57.55,2021,8,,Overall,2025-02-22
03/06/2021 12:00:00 AM,2020-2021,57.59,2021,9,,Overall,2025-03-01
03/13/2021 12:00:00 AM,2020-2021,57.63,2021,10,,Overall,2025-03-08
03/20/2021 12:00:00 AM,2020-2021,57.66,2021,11,,Overall,2025-03-15
03/27/2021 12:00:00 AM,2020-2021,57.69,2021,12,,Overall,2025-03-22
09/30/2023 12:00:00 AM,2023-2024,9.64,2023,39,,Hispanic,2024-09-28
09/23/2023 12:00:00 AM,2023-2024,7.2,2023,38,,Hispanic,2024-09-21
01/29/2022 12:00:00 AM,2021-2022,53.13,2022,4,,Overall,2025-01-25
02/05/2022 12:00:00 AM,2021-2022,53.29,2022,5,,Overall,2025-02-01
02/12/2022 12:00:00 AM,2021-2022,53.43,2022,6,,Overall,2025-02-08
02/19/2022 12:00:00 AM,2021-2022,53.54,2022,7,,Overall,2025-02-15
02/26/2022 12:00:00 AM,2021-2022,53.63,2022,8,,Overall,2025-02-22
03/05/2022 12:00:00 AM,2021-2022,53.71,2022,9,,Overall,2025-03-01
03/12/2022 12:00:00 AM,2021-2022,53.77,2022,10,,Overall,2025-03-08
03/19/2022 12:00:00 AM,2021-2022,53.82,2022,11,,Overall,2025-03-15
03/26/2022 12:00:00 AM,2021-2022,53.86,2022,12,,Overall,2025-03-22
04/02/2022 12:00:00 AM,2021-2022,53.9,2022,13,,Overall,2025-03-29
04/09/2022 12:00:00 AM,2021-2022,53.92,2022,14,,Overall,2025-04-05
04/16/2022 12:00:00 AM,2021-2022,53.94,2022,15,,Overall,2025-04-12
04/23/2022 12:00:00 AM,2021-2022,53.96,2022,16,,Overall,2025-04-19
04/30/2022 12:00:00 AM,2021-2022,53.98,2022,17,,Overall,2025-04-26
05/07/2022 12:00:00 AM,2021-2022,53.99,2022,18,,Overall,2025-05-03
05/14/2022 12:00:00 AM,2021-2022,54.0,2022,19,,Overall,2025-05-10
05/21/2022 12:00:00 AM,2021-2022,54.02,2022,20,,Overall,2025-05-17
05/28/2022 12:00:00 AM,2021-2022,54.03,2022,21,,Overall,2025-05-24
08/10/2019 12:00:00 AM,2019-2020,0.238,2019,32,,Hispanic,2024-08-03
08/17/2019 12:00:00 AM,2019-2020,0.556,2019,33,,Hispanic,2024-08-10
10/28/2023 12:00:00 AM,2023-2024,35.85,2023,43,,Overall,2024-10-26
10/21/2023 12:00:00 AM,2023-2024,18.15,2023,42,,Hispanic,2024-10-19
10/07/2023 12:00:00 AM,2023-2024,12.68,2023,40,,Hispanic,2024-10-05
10/14/2023 12:00:00 AM,2023-2024,15.62,2023,41,,Hispanic,2024-10-12
10/28/2023 12:00:00 AM,2023-2024,20.29,2023,43,,Hispanic,2024-10-26
08/24/2019 12:00:00 AM,2019-2020,1.01,2019,34,,Hispanic,2024-08-17
08/31/2019 12:00:00 AM,2019-2020,1.62,2019,35,,Hispanic,2024-08-24
09/07/2019 12:00:00 AM,2019-2020,2.46,2019,36,,Hispanic,2024-08-31
09/14/2019 12:00:00 AM,2019-2020,4.23,2019,37,,Hispanic,2024-09-07
09/21/2019 12:00:00 AM,2019-2020,6.58,2019,38,,Hispanic,2024-09-14
09/28/2019 12:00:00 AM,2019-2020,9.41,2019,39,,Hispanic,2024-09-21
10/05/2019 12:00:00 AM,2019-2020,12.73,2019,40,,Hispanic,2024-09-28
10/12/2019 12:00:00 AM,2019-2020,16.2,2019,41,,Hispanic,2024-10-05
10/19/2019 12:00:00 AM,2019-2020,19.33,2019,42,,Hispanic,2024-10-12
10/26/2019 12:00:00 AM,2019-2020,22.2,2019,43,,Hispanic,2024-10-19
11/02/2019 12:00:00 AM,2019-2020,24.45,2019,44,,Hispanic,2024-10-26
11/09/2019 12:00:00 AM,2019-2020,26.41,2019,45,,Hispanic,2024-11-02
11/16/2019 12:00:00 AM,2019-2020,27.99,2019,46,,Hispanic,2024-11-09
11/23/2019 12:00:00 AM,2019-2020,29.44,2019,47,,Hispanic,2024-11-16
11/30/2019 12:00:00 AM,2019-2020,30.22,2019,48,,Hispanic,2024-11-23
12/07/2019 12:00:00 AM,2019-2020,31.17,2019,49,,Hispanic,2024-11-30
12/14/2019 12:00:00 AM,2019-2020,32.02,2019,50,,Hispanic,2024-12-07
12/21/2019 12:00:00 AM,2019-2020,32.69,2019,51,,Hispanic,2024-12-14
12/28/2019 12:00:00 AM,2019-2020,32.98,2019,52,,Hispanic,2024-12-21
01/04/2020 12:00:00 AM,2019-2020,33.25,2020,1,,Hispanic,2024-12-28
01/11/2020 12:00:00 AM,2019-2020,33.71,2020,2,,Hispanic,2025-01-04
01/18/2020 12:00:00 AM,2019-2020,34.14,2020,3,,Hispanic,2025-01-11
01/25/2020 12:00:00 AM,2019-2020,34.49,2020,4,,Hispanic,2025-01-18
02/01/2020 12:00:00 AM,2019-2020,34.84,2020,5,,Hispanic,2025-01-25
02/08/2020 12:00:00 AM,2019-2020,35.1,2020,6,,Hispanic,2025-02-01
02/15/2020 12:00:00 AM,2019-2020,35.35,2020,7,,Hispanic,2025-02-08
02/22/2020 12:00:00 AM,2019-2020,35.56,2020,8,,Hispanic,2025-02-15
02/29/2020 12:00:00 AM,2019-2020,35.77,2020,9,,Hispanic,2025-02-22
03/07/2020 12:00:00 AM,2019-2020,36.01,2020,10,,Hispanic,2025-03-01
03/14/2020 12:00:00 AM,2019-2020,36.25,2020,11,,Hispanic,2025-03-08
03/21/2020 12:00:00 AM,2019-2020,36.36,2020,12,,Hispanic,2025-03-15
03/28/2020 12:00:00 AM,2019-2020,36.4,2020,13,,Hispanic,2025-03-22
04/04/2020 12:00:00 AM,2019-2020,36.43,2020,14,,Hispanic,2025-03-29
04/11/2020 12:00:00 AM,2019-2020,36.44,2020,15,,Hispanic,2025-04-05
04/18/2020 12:00:00 AM,2019-2020,36.45,2020,16,,Hispanic,2025-04-12
04/25/2020 12:00:00 AM,2019-2020,36.46,2020,17,,Hispanic,2025-04-19
05/02/2020 12:00:00 AM,2019-2020,36.48,2020,18,,Hispanic,2025-04-26
05/09/2020 12:00:00 AM,2019-2020,36.49,2020,19,,Hispanic,2025-05-03
05/16/2020 12:00:00 AM,2019-2020,36.5,2020,20,,Hispanic,2025-05-10
05/23/2020 12:00:00 AM,2019-2020,36.51,2020,21,,Hispanic,2025-05-17
05/30/2020 12:00:00 AM,2019-2020,36.52,2020,22,,Hispanic,2025-05-24
08/08/2020 12:00:00 AM,2020-2021,0.0729,2020,32,,Hispanic,2024-08-03
08/15/2020 12:00:00 AM,2020-2021,0.346,2020,33,,Hispanic,2024-08-10
08/22/2020 12:00:00 AM,2020-2021,1.12,2020,34,,Hispanic,2024-08-17
08/29/2020 12:00:00 AM,2020-2021,2.15,2020,35,,Hispanic,2024-08-24
09/05/2020 12:00:00 AM,2020-2021,3.74,2020,36,,Hispanic,2024-08-31
09/12/2020 12:00:00 AM,2020-2021,5.84,2020,37,,Hispanic,2024-09-07
09/19/2020 12:00:00 AM,2020-2021,9.33,2020,38,,Hispanic,2024-09-14
09/26/2020 12:00:00 AM,2020-2021,13.08,2020,39,,Hispanic,2024-09-21
10/03/2020 12:00:00 AM,2020-2021,16.77,2020,40,,Hispanic,2024-09-28
10/10/2020 12:00:00 AM,2020-2021,20.67,2020,41,,Hispanic,2024-10-05
10/17/2020 12:00:00 AM,2020-2021,24.0,2020,42,,Hispanic,2024-10-12
10/24/2020 12:00:00 AM,2020-2021,26.78,2020,43,,Hispanic,2024-10-19
10/31/2020 12:00:00 AM,2020-2021,28.97,2020,44,,Hispanic,2024-10-26
11/07/2020 12:00:00 AM,2020-2021,30.61,2020,45,,Hispanic,2024-11-02
11/14/2020 12:00:00 AM,2020-2021,31.94,2020,46,,Hispanic,2024-11-09
11/21/2020 12:00:00 AM,2020-2021,33.08,2020,47,,Hispanic,2024-11-16
11/28/2020 12:00:00 AM,2020-2021,33.64,2020,48,,Hispanic,2024-11-23
12/05/2020 12:00:00 AM,2020-2021,34.33,2020,49,,Hispanic,2024-11-30
12/12/2020 12:00:00 AM,2020-2021,34.9,2020,50,,Hispanic,2024-12-07
12/19/2020 12:00:00 AM,2020-2021,35.33,2020,51,,Hispanic,2024-12-14
12/26/2020 12:00:00 AM,2020-2021,35.55,2020,52,,Hispanic,2024-12-21
01/02/2021 12:00:00 AM,2020-2021,35.74,2020,53,,Hispanic,2024-12-28
01/09/2021 12:00:00 AM,2020-2021,35.97,2021,1,,Hispanic,2025-01-04
01/16/2021 12:00:00 AM,2020-2021,36.18,2021,2,,Hispanic,2025-01-11
01/23/2021 12:00:00 AM,2020-2021,36.35,2021,3,,Hispanic,2025-01-18
01/30/2021 12:00:00 AM,2020-2021,36.5,2021,4,,Hispanic,2025-01-25
02/06/2021 12:00:00 AM,2020-2021,36.61,2021,5,,Hispanic,2025-02-01
02/13/2021 12:00:00 AM,2020-2021,36.72,2021,6,,Hispanic,2025-02-08
02/20/2021 12:00:00 AM,2020-2021,36.78,2021,7,,Hispanic,2025-02-15
02/27/2021 12:00:00 AM,2020-2021,36.86,2021,8,,Hispanic,2025-02-22
03/06/2021 12:00:00 AM,2020-2021,36.92,2021,9,,Hispanic,2025-03-01
03/13/2021 12:00:00 AM,2020-2021,36.98,2021,10,,Hispanic,2025-03-08
03/20/2021 12:00:00 AM,2020-2021,37.03,2021,11,,Hispanic,2025-03-15
03/27/2021 12:00:00 AM,2020-2021,37.07,2021,12,,Hispanic,2025-03-22
04/03/2021 12:00:00 AM,2020-2021,57.71,2021,13,,Overall,2025-03-29
04/10/2021 12:00:00 AM,2020-2021,57.73,2021,14,,Overall,2025-04-05
04/17/2021 12:00:00 AM,2020-2021,57.74,2021,15,,Overall,2025-04-12
04/24/2021 12:00:00 AM,2020-2021,57.76,2021,16,,Overall,2025-04-19
05/01/2021 12:00:00 AM,2020-2021,57.77,2021,17,,Overall,2025-04-26
05/08/2021 12:00:00 AM,2020-2021,57.78,2021,18,,Overall,2025-05-03
05/15/2021 12:00:00 AM,2020-2021,57.79,2021,19,,Overall,2025-05-10
05/22/2021 12:00:00 AM,2020-2021,57.8,2021,20,,Overall,2025-05-17
05/29/2021 12:00:00 AM,2020-2021,57.81,2021,21,,Overall,2025-05-24
08/07/2021 12:00:00 AM,2021-2022,0.0852,2021,31,,Overall,2024-08-03
08/14/2021 12:00:00 AM,2021-2022,0.238,2021,32,,Overall,2024-08-10
08/21/2021 12:00:00 AM,2021-2022,0.587,2021,33,,Overall,2024-08-17
08/28/2021 12:00:00 AM,2021-2022,1.12,2021,34,,Overall,2024-08-24
09/04/2021 12:00:00 AM,2021-2022,2.19,2021,35,,Overall,2024-08-31
09/11/2021 12:00:00 AM,2021-2022,4.06,2021,36,,Overall,2024-09-07
11/11/2023 12:00:00 AM,2023-2024,41.55,2023,45,,Overall,2024-11-09
11/04/2023 12:00:00 AM,2023-2024,39.03,2023,44,,Overall,2024-11-02
11/25/2023 12:00:00 AM,2023-2024,44.64,2023,47,,Overall,2024-11-23
11/18/2023 12:00:00 AM,2023-2024,43.64,2023,46,,Overall,2024-11-16
11/04/2023 12:00:00 AM,2023-2024,22.02,2023,44,,Hispanic,2024-11-02
09/18/2021 12:00:00 AM,2021-2022,7.3,2021,37,,Overall,2024-09-14
09/25/2021 12:00:00 AM,2021-2022,11.79,2021,38,,Overall,2024-09-21
10/02/2021 12:00:00 AM,2021-2022,17.47,2021,39,,Overall,2024-09-28
10/09/2021 12:00:00 AM,2021-2022,24.21,2021,40,,Overall,2024-10-05
10/23/2021 12:00:00 AM,2021-2022,35.67,2021,42,,Overall,2024-10-19
10/16/2021 12:00:00 AM,2021-2022,30.49,2021,41,,Overall,2024-10-12
10/30/2021 12:00:00 AM,2021-2022,39.68,2021,43,,Overall,2024-10-26
10/09/2021 12:00:00 AM,2021-2022,13.47,2021,40,,Hispanic,2024-10-05
10/23/2021 12:00:00 AM,2021-2022,20.03,2021,42,,Hispanic,2024-10-19
10/16/2021 12:00:00 AM,2021-2022,17.08,2021,41,,Hispanic,2024-10-12
10/30/2021 12:00:00 AM,2021-2022,22.41,2021,43,,Hispanic,2024-10-26
11/06/2021 12:00:00 AM,2021-2022,42.64,2021,44,,Overall,2024-11-02
11/13/2021 12:00:00 AM,2021-2022,44.94,2021,45,,Overall,2024-11-09
11/20/2021 12:00:00 AM,2021-2022,46.97,2021,46,,Overall,2024-11-16
11/27/2021 12:00:00 AM,2021-2022,47.94,2021,47,,Overall,2024-11-23
12/04/2021 12:00:00 AM,2021-2022,49.24,2021,48,,Overall,2024-11-30
12/11/2021 12:00:00 AM,2021-2022,50.27,2021,49,,Overall,2024-12-07
12/18/2021 12:00:00 AM,2021-2022,51.13,2021,50,,Overall,2024-12-14
12/25/2021 12:00:00 AM,2021-2022,51.6,2021,51,,Overall,2024-12-21
11/06/2021 12:00:00 AM,2021-2022,24.36,2021,44,,Hispanic,2024-11-02
11/13/2021 12:00:00 AM,2021-2022,26.05,2021,45,,Hispanic,2024-11-09
11/20/2021 12:00:00 AM,2021-2022,27.55,2021,46,,Hispanic,2024-11-16
11/27/2021 12:00:00 AM,2021-2022,28.38,2021,47,,Hispanic,2024-11-23
12/04/2021 12:00:00 AM,2021-2022,29.47,2021,48,,Hispanic,2024-11-30
12/11/2021 12:00:00 AM,2021-2022,30.39,2021,49,,Hispanic,2024-12-07
12/18/2021 12:00:00 AM,2021-2022,31.09,2021,50,,Hispanic,2024-12-14
12/25/2021 12:00:00 AM,2021-2022,31.51,2021,51,,Hispanic,2024-12-21
09/10/2022 12:00:00 AM,2022-2023,3.44,2022,36,,Overall,2024-09-07
09/17/2022 12:00:00 AM,2022-2023,6.64,2022,37,,Overall,2024-09-14
09/24/2022 12:00:00 AM,2022-2023,10.65,2022,38,,Overall,2024-09-21
10/01/2022 12:00:00 AM,2022-2023,15.31,2022,39,,Overall,2024-09-28
01/01/2022 12:00:00 AM,2021-2022,31.85,2021,52,,Hispanic,2024-12-28
01/08/2022 12:00:00 AM,2021-2022,32.24,2022,1,,Hispanic,2025-01-04
01/15/2022 12:00:00 AM,2021-2022,32.59,2022,2,,Hispanic,2025-01-11
01/22/2022 12:00:00 AM,2021-2022,32.88,2022,3,,Hispanic,2025-01-18
01/29/2022 12:00:00 AM,2021-2022,33.13,2022,4,,Hispanic,2025-01-25
02/05/2022 12:00:00 AM,2021-2022,33.33,2022,5,,Hispanic,2025-02-01
02/12/2022 12:00:00 AM,2021-2022,33.51,2022,6,,Hispanic,2025-02-08
02/19/2022 12:00:00 AM,2021-2022,33.67,2022,7,,Hispanic,2025-02-15
02/26/2022 12:00:00 AM,2021-2022,33.8,2022,8,,Hispanic,2025-02-22
03/05/2022 12:00:00 AM,2021-2022,33.91,2022,9,,Hispanic,2025-03-01
03/12/2022 12:00:00 AM,2021-2022,34.0,2022,10,,Hispanic,2025-03-08
03/19/2022 12:00:00 AM,2021-2022,34.09,2022,11,,Hispanic,2025-03-15
03/26/2022 12:00:00 AM,2021-2022,34.16,2022,12,,Hispanic,2025-03-22
04/02/2022 12:00:00 AM,2021-2022,34.22,2022,13,,Hispanic,2025-03-29
04/09/2022 12:00:00 AM,2021-2022,34.26,2022,14,,Hispanic,2025-04-05
04/16/2022 12:00:00 AM,2021-2022,34.29,2022,15,,Hispanic,2025-04-12
04/23/2022 12:00:00 AM,2021-2022,34.32,2022,16,,Hispanic,2025-04-19
04/30/2022 12:00:00 AM,2021-2022,34.34,2022,17,,Hispanic,2025-04-26
05/07/2022 12:00:00 AM,2021-2022,34.36,2022,18,,Hispanic,2025-05-03
05/14/2022 12:00:00 AM,2021-2022,34.38,2022,19,,Hispanic,2025-05-10
05/21/2022 12:00:00 AM,2021-2022,34.4,2022,20,,Hispanic,2025-05-17
05/28/2022 12:00:00 AM,2021-2022,34.41,2022,21,,Hispanic,2025-05-24
04/03/2021 12:00:00 AM,2020-2021,37.1,2021,13,,Hispanic,2025-03-29
04/10/2021 12:00:00 AM,2020-2021,37.12,2021,14,,Hispanic,2025-04-05
04/17/2021 12:00:00 AM,2020-2021,37.14,2021,15,,Hispanic,2025-04-12
04/24/2021 12:00:00 AM,2020-2021,37.16,2021,16,,Hispanic,2025-04-19
08/06/2022 12:00:00 AM,2022-2023,0.0986,2022,31,,Overall,2024-08-03
08/13/2022 12:00:00 AM,2022-2023,0.233,2022,32,,Overall,2024-08-10
08/20/2022 12:00:00 AM,2022-2023,0.478,2022,33,,Overall,2024-08-17
08/06/2022 12:00:00 AM,2022-2023,0.109,2022,31,,Hispanic,2024-08-03
08/13/2022 12:00:00 AM,2022-2023,0.252,2022,32,,Hispanic,2024-08-10
08/20/2022 12:00:00 AM,2022-2023,0.506,2022,33,,Hispanic,2024-08-17
08/27/2022 12:00:00 AM,2022-2023,0.869,2022,34,,Hispanic,2024-08-24
09/03/2022 12:00:00 AM,2022-2023,1.49,2022,35,,Hispanic,2024-08-31
09/10/2022 12:00:00 AM,2022-2023,2.47,2022,36,,Hispanic,2024-09-07
09/17/2022 12:00:00 AM,2022-2023,4.14,2022,37,,Hispanic,2024-09-14
09/24/2022 12:00:00 AM,2022-2023,6.32,2022,38,,Hispanic,2024-09-21
10/01/2022 12:00:00 AM,2022-2023,8.82,2022,39,,Hispanic,2024-09-28
02/17/2024 12:00:00 AM,2023-2024,30.92,2024,7,,Hispanic,2025-02-15
02/03/2024 12:00:00 AM,2023-2024,30.58,2024,5,,Hispanic,2025-02-01
02/10/2024 12:00:00 AM,2023-2024,30.76,2024,6,,Hispanic,2025-02-08
02/24/2024 12:00:00 AM,2023-2024,31.03,2024,8,,Hispanic,2025-02-22
12/10/2022 12:00:00 AM,2022-2023,51.2,2022,49,,Overall,2024-12-07
12/24/2022 12:00:00 AM,2022-2023,52.65,2022,51,,Overall,2024-12-21
12/31/2022 12:00:00 AM,2022-2023,52.93,2022,52,,Overall,2024-12-28
12/17/2022 12:00:00 AM,2022-2023,52.13,2022,50,,Overall,2024-12-14
12/10/2022 12:00:00 AM,2022-2023,29.48,2022,49,,Hispanic,2024-12-07
12/17/2022 12:00:00 AM,2022-2023,30.28,2022,50,,Hispanic,2024-12-14
12/24/2022 12:00:00 AM,2022-2023,30.78,2022,51,,Hispanic,2024-12-21
12/31/2022 12:00:00 AM,2022-2023,31.1,2022,52,,Hispanic,2024-12-28
01/21/2023 12:00:00 AM,2022-2023,31.96,2023,3,,Hispanic,2025-01-18
01/28/2023 12:00:00 AM,2022-2023,32.19,2023,4,,Hispanic,2025-01-25
01/07/2023 12:00:00 AM,2022-2023,53.19,2023,1,,Overall,2025-01-04
01/14/2023 12:00:00 AM,2022-2023,53.46,2023,2,,Overall,2025-01-11
01/28/2023 12:00:00 AM,2022-2023,53.81,2023,4,,Overall,2025-01-25
01/21/2023 12:00:00 AM,2022-2023,53.65,2023,3,,Overall,2025-01-18
01/14/2023 12:00:00 AM,2022-2023,31.7,2023,2,,Hispanic,2025-01-11
01/07/2023 12:00:00 AM,2022-2023,31.39,2023,1,,Hispanic,2025-01-04
02/25/2023 12:00:00 AM,2022-2023,54.19,2023,8,,Overall,2025-02-22
02/04/2023 12:00:00 AM,2022-2023,32.38,2023,5,,Hispanic,2025-02-01
02/11/2023 12:00:00 AM,2022-2023,32.54,2023,6,,Hispanic,2025-02-08
02/18/2023 12:00:00 AM,2022-2023,32.67,2023,7,,Hispanic,2025-02-15
02/25/2023 12:00:00 AM,2022-2023,32.79,2023,8,,Hispanic,2025-02-22
02/24/2024 12:00:00 AM,2023-2024,50.8,2024,8,,Overall,2025-02-22
03/16/2024 12:00:00 AM,2023-2024,50.96,2024,11,,Overall,2025-03-15
03/23/2024 12:00:00 AM,2023-2024,50.99,2024,12,,Overall,2025-03-22
03/30/2024 12:00:00 AM,2023-2024,51.02,2024,13,,Overall,2025-03-29
03/02/2024 12:00:00 AM,2023-2024,31.14,2024,9,,Hispanic,2025-03-01
02/04/2023 12:00:00 AM,2022-2023,53.93,2023,5,,Overall,2025-02-01
02/11/2023 12:00:00 AM,2022-2023,54.04,2023,6,,Overall,2025-02-08
02/18/2023 12:00:00 AM,2022-2023,54.12,2023,7,,Overall,2025-02-15
03/11/2023 12:00:00 AM,2022-2023,54.3,2023,10,,Overall,2025-03-08
03/04/2023 12:00:00 AM,2022-2023,54.25,2023,9,,Overall,2025-03-01
03/18/2023 12:00:00 AM,2022-2023,54.33,2023,11,,Overall,2025-03-15
03/25/2023 12:00:00 AM,2022-2023,54.37,2023,12,,Overall,2025-03-22
10/08/2022 12:00:00 AM,2022-2023,21.45,2022,40,,Overall,2024-10-05
10/15/2022 12:00:00 AM,2022-2023,28.18,2022,41,,Overall,2024-10-12
10/22/2022 12:00:00 AM,2022-2023,34.26,2022,42,,Overall,2024-10-19
10/29/2022 12:00:00 AM,2022-2023,39.47,2022,43,,Overall,2024-10-26
11/05/2022 12:00:00 AM,2022-2023,43.08,2022,44,,Overall,2024-11-02
11/12/2022 12:00:00 AM,2022-2023,45.64,2022,45,,Overall,2024-11-09
11/19/2022 12:00:00 AM,2022-2023,47.81,2022,46,,Overall,2024-11-16
11/26/2022 12:00:00 AM,2022-2023,48.79,2022,47,,Overall,2024-11-23
12/03/2022 12:00:00 AM,2022-2023,50.02,2022,48,,Overall,2024-11-30
10/12/2024 12:00:00 AM,2024-2025,24.42,2024,41,,Overall,2024-10-12
10/19/2024 12:00:00 AM,2024-2025,29.03,2024,42,,Overall,2024-10-19
10/05/2024 12:00:00 AM,2024-2025,19.63,2024,40,,Overall,2024-10-05
10/26/2024 12:00:00 AM,2024-2025,32.91,2024,43,,Overall,2024-10-26
10/02/2021 12:00:00 AM,2021-2022,9.97,2021,39,,Hispanic,2024-09-28
09/28/2024 12:00:00 AM,2024-2025,14.77,2024,39,,Overall,2024-09-28
08/24/2024 12:00:00 AM,2024-2025,0.847,2024,34,,Hispanic,2024-08-24
09/21/2024 12:00:00 AM,2024-2025,10.47,2024,38,,Overall,2024-09-21
01/01/2022 12:00:00 AM,2021-2022,51.96,2021,52,,Overall,2024-12-28
01/08/2022 12:00:00 AM,2021-2022,52.34,2022,1,,Overall,2025-01-04
01/15/2022 12:00:00 AM,2021-2022,52.68,2022,2,,Overall,2025-01-11
01/22/2022 12:00:00 AM,2021-2022,52.92,2022,3,,Overall,2025-01-18
03/04/2023 12:00:00 AM,2022-2023,32.9,2023,9,,Hispanic,2025-03-01
04/01/2023 12:00:00 AM,2022-2023,54.4,2023,13,,Overall,2025-03-29
03/18/2023 12:00:00 AM,2022-2023,33.07,2023,11,,Hispanic,2025-03-15
03/11/2023 12:00:00 AM,2022-2023,32.99,2023,10,,Hispanic,2025-03-08
04/01/2023 12:00:00 AM,2022-2023,33.19,2023,13,,Hispanic,2025-03-29
03/25/2023 12:00:00 AM,2022-2023,33.13,2023,12,,Hispanic,2025-03-22
04/08/2023 12:00:00 AM,2022-2023,54.41,2023,14,,Overall,2025-04-05
04/29/2023 12:00:00 AM,2022-2023,54.45,2023,17,,Overall,2025-04-26
04/15/2023 12:00:00 AM,2022-2023,54.43,2023,15,,Overall,2025-04-12
04/22/2023 12:00:00 AM,2022-2023,54.44,2023,16,,Overall,2025-04-19
04/08/2023 12:00:00 AM,2022-2023,33.22,2023,14,,Hispanic,2025-04-05
04/22/2023 12:00:00 AM,2022-2023,33.28,2023,16,,Hispanic,2025-04-19
04/15/2023 12:00:00 AM,2022-2023,33.25,2023,15,,Hispanic,2025-04-12
04/29/2023 12:00:00 AM,2022-2023,33.3,2023,17,,Hispanic,2025-04-26
08/17/2024 12:00:00 AM,2024-2025,0.439,2024,33,,Hispanic,2024-08-17
05/13/2023 12:00:00 AM,2022-2023,54.47,2023,19,,Overall,2025-05-10
05/06/2023 12:00:00 AM,2022-2023,54.46,2023,18,,Overall,2025-05-03
05/27/2023 12:00:00 AM,2022-2023,54.49,2023,21,,Overall,2025-05-24
05/20/2023 12:00:00 AM,2022-2023,54.48,2023,20,,Overall,2025-05-17
05/06/2023 12:00:00 AM,2022-2023,33.31,2023,18,,Hispanic,2025-05-03
05/13/2023 12:00:00 AM,2022-2023,33.32,2023,19,,Hispanic,2025-05-10
05/20/2023 12:00:00 AM,2022-2023,33.33,2023,20,,Hispanic,2025-05-17
05/27/2023 12:00:00 AM,2022-2023,33.35,2023,21,,Hispanic,2025-05-24
10/08/2022 12:00:00 AM,2022-2023,11.96,2022,40,,Hispanic,2024-10-05
10/15/2022 12:00:00 AM,2022-2023,15.38,2022,41,,Hispanic,2024-10-12
10/22/2022 12:00:00 AM,2022-2023,18.44,2022,42,,Hispanic,2024-10-19
10/29/2022 12:00:00 AM,2022-2023,21.23,2022,43,,Hispanic,2024-10-26
11/05/2022 12:00:00 AM,2022-2023,23.34,2022,44,,Hispanic,2024-11-02
11/12/2022 12:00:00 AM,2022-2023,25.05,2022,45,,Hispanic,2024-11-09
11/19/2022 12:00:00 AM,2022-2023,26.63,2022,46,,Hispanic,2024-11-16
11/26/2022 12:00:00 AM,2022-2023,27.44,2022,47,,Hispanic,2024-11-23
12/03/2022 12:00:00 AM,2022-2023,28.5,2022,48,,Hispanic,2024-11-30
08/12/2023 12:00:00 AM,2023-2024,0.243,2023,32,,Overall,2024-08-10
08/19/2023 12:00:00 AM,2023-2024,0.547,2023,33,,Overall,2024-08-17
08/05/2023 12:00:00 AM,2023-2024,0.0682,2023,31,,Overall,2024-08-03
08/26/2023 12:00:00 AM,2023-2024,1.0,2023,34,,Overall,2024-08-24
09/02/2023 12:00:00 AM,2023-2024,1.83,2023,35,,Overall,2024-08-31
09/09/2023 12:00:00 AM,2023-2024,3.46,2023,36,,Overall,2024-09-07
09/23/2023 12:00:00 AM,2023-2024,10.38,2023,38,,Overall,2024-09-21
08/05/2023 12:00:00 AM,2023-2024,0.0832,2023,31,,Hispanic,2024-08-03
09/16/2023 12:00:00 AM,2023-2024,6.34,2023,37,,Overall,2024-09-14
08/12/2023 12:00:00 AM,2023-2024,0.291,2023,32,,Hispanic,2024-08-10
09/02/2023 12:00:00 AM,2023-2024,1.81,2023,35,,Hispanic,2024-08-31
08/19/2023 12:00:00 AM,2023-2024,0.62,2023,33,,Hispanic,2024-08-17
09/30/2023 12:00:00 AM,2023-2024,15.22,2023,39,,Overall,2024-09-28
08/26/2023 12:00:00 AM,2023-2024,1.07,2023,34,,Hispanic,2024-08-24
09/16/2023 12:00:00 AM,2023-2024,4.89,2023,37,,Hispanic,2024-09-14
09/09/2023 12:00:00 AM,2023-2024,3.03,2023,36,,Hispanic,2024-09-07
09/07/2024 12:00:00 AM,2024-2025,2.7,2024,36,,Hispanic,2024-09-07
08/31/2024 12:00:00 AM,2024-2025,1.54,2024,35,,Hispanic,2024-08-31
09/21/2024 12:00:00 AM,2024-2025,6.72,2024,38,,Hispanic,2024-09-21
09/28/2024 12:00:00 AM,2024-2025,9.11,2024,39,,Hispanic,2024-09-28
09/14/2024 12:00:00 AM,2024-2025,4.53,2024,37,,Hispanic,2024-09-14
08/03/2024 12:00:00 AM,2024-2025,0.0439,2024,31,,Overall,2024-08-03
08/10/2024 12:00:00 AM,2024-2025,0.185,2024,32,,Overall,2024-08-10
08/31/2024 12:00:00 AM,2024-2025,1.82,2024,35,,Overall,2024-08-31
08/17/2024 12:00:00 AM,2024-2025,0.445,2024,33,,Overall,2024-08-17
08/24/2024 12:00:00 AM,2024-2025,0.868,2024,34,,Overall,2024-08-24
08/03/2024 12:00:00 AM,2024-2025,0.0432,2024,31,,Hispanic,2024-08-03
09/14/2024 12:00:00 AM,2024-2025,6.73,2024,37,,Overall,2024-09-14
08/10/2024 12:00:00 AM,2024-2025,0.183,2024,32,,Hispanic,2024-08-10
09/07/2024 12:00:00 AM,2024-2025,3.68,2024,36,,Overall,2024-09-07
11/02/2024 12:00:00 AM,2024-2025,35.97,2024,44,,Overall,2024-11-02
11/16/2024 12:00:00 AM,2024-2025,40.31,2024,46,,Overall,2024-11-16
11/09/2024 12:00:00 AM,2024-2025,38.32,2024,45,,Overall,2024-11-09
11/23/2024 12:00:00 AM,2024-2025,41.93,2024,47,,Overall,2024-11-23
11/30/2024 12:00:00 AM,2024-2025,42.63,2024,48,,Overall,2024-11-30
11/02/2024 12:00:00 AM,2024-2025,20.54,2024,44,,Hispanic,2024-11-02
11/09/2024 12:00:00 AM,2024-2025,21.92,2024,45,,Hispanic,2024-11-09
11/16/2024 12:00:00 AM,2024-2025,23.14,2024,46,,Hispanic,2024-11-16
11/23/2024 12:00:00 AM,2024-2025,24.24,2024,47,,Hispanic,2024-11-23
11/30/2024 12:00:00 AM,2024-2025,24.8,2024,48,,Hispanic,2024-11-30
11/18/2023 12:00:00 AM,2023-2024,24.91,2023,46,,Hispanic,2024-11-16
11/25/2023 12:00:00 AM,2023-2024,25.64,2023,47,,Hispanic,2024-11-23
11/11/2023 12:00:00 AM,2023-2024,23.56,2023,45,,Hispanic,2024-11-09
12/16/2023 12:00:00 AM,2023-2024,48.05,2023,50,,Overall,2024-12-14
12/02/2023 12:00:00 AM,2023-2024,46.04,2023,48,,Overall,2024-11-30
12/09/2023 12:00:00 AM,2023-2024,47.15,2023,49,,Overall,2024-12-07
12/30/2023 12:00:00 AM,2023-2024,49.02,2023,52,,Overall,2024-12-28
12/23/2023 12:00:00 AM,2023-2024,48.69,2023,51,,Overall,2024-12-21
12/02/2023 12:00:00 AM,2023-2024,26.71,2023,48,,Hispanic,2024-11-30
12/09/2023 12:00:00 AM,2023-2024,27.59,2023,49,,Hispanic,2024-12-07
12/16/2023 12:00:00 AM,2023-2024,28.32,2023,50,,Hispanic,2024-12-14
12/23/2023 12:00:00 AM,2023-2024,28.87,2023,51,,Hispanic,2024-12-21
12/30/2023 12:00:00 AM,2023-2024,29.16,2023,52,,Hispanic,2024-12-28
01/13/2024 12:00:00 AM,2023-2024,49.81,2024,2,,Overall,2025-01-11
01/20/2024 12:00:00 AM,2023-2024,50.05,2024,3,,Overall,2025-01-18
01/06/2024 12:00:00 AM,2023-2024,49.42,2024,1,,Overall,2025-01-04
01/27/2024 12:00:00 AM,2023-2024,50.28,2024,4,,Overall,2025-01-25
01/06/2024 12:00:00 AM,2023-2024,29.48,2024,1,,Hispanic,2025-01-04
01/13/2024 12:00:00 AM,2023-2024,29.84,2024,2,,Hispanic,2025-01-11
01/20/2024 12:00:00 AM,2023-2024,30.09,2024,3,,Hispanic,2025-01-18
01/27/2024 12:00:00 AM,2023-2024,30.35,2024,4,,Hispanic,2025-01-25
02/03/2024 12:00:00 AM,2023-2024,50.46,2024,5,,Overall,2025-02-01
02/10/2024 12:00:00 AM,2023-2024,50.61,2024,6,,Overall,2025-02-08
02/17/2024 12:00:00 AM,2023-2024,50.71,2024,7,,Overall,2025-02-15
03/23/2024 12:00:00 AM,2023-2024,31.36,2024,12,,Hispanic,2025-03-22
03/09/2024 12:00:00 AM,2023-2024,31.23,2024,10,,Hispanic,2025-03-08
03/16/2024 12:00:00 AM,2023-2024,31.3,2024,11,,Hispanic,2025-03-15
03/30/2024 12:00:00 AM,2023-2024,31.42,2024,13,,Hispanic,2025-03-29
03/02/2024 12:00:00 AM,2023-2024,50.87,2024,9,,Overall,2025-03-01
03/09/2024 12:00:00 AM,2023-2024,50.92,2024,10,,Overall,2025-03-08
10/05/2024 12:00:00 AM,2024-2025,11.84,2024,40,,Hispanic,2024-10-05
10/12/2024 12:00:00 AM,2024-2025,14.39,2024,41,,Hispanic,2024-10-12
10/19/2024 12:00:00 AM,2024-2025,16.81,2024,42,,Hispanic,2024-10-19
10/26/2024 12:00:00 AM,2024-2025,18.84,2024,43,,Hispanic,2024-10-26
04/13/2024 12:00:00 AM,2023-2024,51.05,2024,15,,Overall,2025-04-12
04/06/2024 12:00:00 AM,2023-2024,51.04,2024,14,,Overall,2025-04-05
04/27/2024 12:00:00 AM,2023-2024,51.07,2024,17,,Overall,2025-04-26
04/20/2024 12:00:00 AM,2023-2024,51.06,2024,16,,Overall,2025-04-19
04/06/2024 12:00:00 AM,2023-2024,31.45,2024,14,,Hispanic,2025-04-05
05/04/2024 12:00:00 AM,2023-2024,51.08,2024,18,,Overall,2025-05-03
05/18/2024 12:00:00 AM,2023-2024,51.09,2024,20,,Overall,2025-05-17
05/11/2024 12:00:00 AM,2023-2024,51.09,2024,19,,Overall,2025-05-10
04/20/2024 12:00:00 AM,2023-2024,31.49,2024,16,,Hispanic,2025-04-19
04/13/2024 12:00:00 AM,2023-2024,31.47,2024,15,,Hispanic,2025-04-12
05/25/2024 12:00:00 AM,2023-2024,51.1,2024,21,,Overall,2025-05-24
05/04/2024 12:00:00 AM,2023-2024,31.52,2024,18,,Hispanic,2025-05-03
05/11/2024 12:00:00 AM,2023-2024,31.53,2024,19,,Hispanic,2025-05-10
04/27/2024 12:00:00 AM,2023-2024,31.51,2024,17,,Hispanic,2025-04-26
05/25/2024 12:00:00 AM,2023-2024,31.55,2024,21,,Hispanic,2025-05-24
05/18/2024 12:00:00 AM,2023-2024,31.54,2024,20,,Hispanic,2025-05-17
10/07/2023 12:00:00 AM,2023-2024,21.0,2023,40,,Overall,2024-10-05
10/14/2023 12:00:00 AM,2023-2024,26.64,2023,41,,Overall,2024-10-12
10/21/2023 12:00:00 AM,2023-2024,31.71,2023,42,,Overall,2024-10-19
