Week Ending,COVID-19_Season,Estimate,MMWR_Year,MMWR_Week,Enrollment Date,As of date,Race and ethnicity,Current_Season_Week_Ending_Label
09/02/2023 12:00:00 AM,2023-2024,0.000007809,2023,35,08/17/2024 12:00:00 AM,09/16/2024 12:00:00 AM,Overall,2024-08-31
09/09/2023 12:00:00 AM,2023-2024,0.0001,2023,36,08/17/2024 12:00:00 AM,09/16/2024 12:00:00 AM,Overall,2024-09-07
09/16/2023 12:00:00 AM,2023-2024,0.0672,2023,37,08/17/2024 12:00:00 AM,09/16/2024 12:00:00 AM,Overall,2024-09-14
09/23/2023 12:00:00 AM,2023-2024,1.9,2023,38,08/17/2024 12:00:00 AM,09/16/2024 12:00:00 AM,Overall,2024-09-21
09/30/2023 12:00:00 AM,2023-2024,4.8,2023,39,08/17/2024 12:00:00 AM,09/16/2024 12:00:00 AM,Overall,2024-09-28
10/07/2023 12:00:00 AM,2023-2024,8.32,2023,40,08/17/2024 12:00:00 AM,09/16/2024 12:00:00 AM,Overall,2024-10-05
10/14/2023 12:00:00 AM,2023-2024,11.68,2023,41,08/17/2024 12:00:00 AM,09/16/2024 12:00:00 AM,Overall,2024-10-12
10/21/2023 12:00:00 AM,2023-2024,14.74,2023,42,08/17/2024 12:00:00 AM,09/16/2024 12:00:00 AM,Overall,2024-10-19
10/28/2023 12:00:00 AM,2023-2024,17.33,2023,43,08/17/2024 12:00:00 AM,09/16/2024 12:00:00 AM,Overall,2024-10-26
11/04/2023 12:00:00 AM,2023-2024,19.41,2023,44,08/17/2024 12:00:00 AM,09/16/2024 12:00:00 AM,Overall,2024-11-02
11/11/2023 12:00:00 AM,2023-2024,21.15,2023,45,08/17/2024 12:00:00 AM,09/16/2024 12:00:00 AM,Overall,2024-11-09
11/18/2023 12:00:00 AM,2023-2024,22.65,2023,46,08/17/2024 12:00:00 AM,09/16/2024 12:00:00 AM,Overall,2024-11-16
11/25/2023 12:00:00 AM,2023-2024,23.38,2023,47,08/17/2024 12:00:00 AM,09/16/2024 12:00:00 AM,Overall,2024-11-23
09/02/2023 12:00:00 AM,2023-2024,0.000009257,2023,35,08/17/2024 12:00:00 AM,09/16/2024 12:00:00 AM,"White, Non-Hispanic",2024-08-31
09/09/2023 12:00:00 AM,2023-2024,0.0001,2023,36,08/17/2024 12:00:00 AM,09/16/2024 12:00:00 AM,"White, Non-Hispanic",2024-09-07
09/16/2023 12:00:00 AM,2023-2024,0.069,2023,37,08/17/2024 12:00:00 AM,09/16/2024 12:00:00 AM,"White, Non-Hispanic",2024-09-14
09/23/2023 12:00:00 AM,2023-2024,1.96,2023,38,08/17/2024 12:00:00 AM,09/16/2024 12:00:00 AM,"White, Non-Hispanic",2024-09-21
09/30/2023 12:00:00 AM,2023-2024,4.98,2023,39,08/17/2024 12:00:00 AM,09/16/2024 12:00:00 AM,"White, Non-Hispanic",2024-09-28
10/07/2023 12:00:00 AM,2023-2024,8.62,2023,40,08/17/2024 12:00:00 AM,09/16/2024 12:00:00 AM,"White, Non-Hispanic",2024-10-05
10/14/2023 12:00:00 AM,2023-2024,12.1,2023,41,08/17/2024 12:00:00 AM,09/16/2024 12:00:00 AM,"White, Non-Hispanic",2024-10-12
10/21/2023 12:00:00 AM,2023-2024,15.28,2023,42,08/17/2024 12:00:00 AM,09/16/2024 12:00:00 AM,"White, Non-Hispanic",2024-10-19
10/28/2023 12:00:00 AM,2023-2024,17.96,2023,43,08/17/2024 12:00:00 AM,09/16/2024 12:00:00 AM,"White, Non-Hispanic",2024-10-26
11/04/2023 12:00:00 AM,2023-2024,20.11,2023,44,08/17/2024 12:00:00 AM,09/16/2024 12:00:00 AM,"White, Non-Hispanic",2024-11-02
11/11/2023 12:00:00 AM,2023-2024,21.91,2023,45,08/17/2024 12:00:00 AM,09/16/2024 12:00:00 AM,"White, Non-Hispanic",2024-11-09
11/18/2023 12:00:00 AM,2023-2024,23.45,2023,46,08/17/2024 12:00:00 AM,09/16/2024 12:00:00 AM,"White, Non-Hispanic",2024-11-16
11/25/2023 12:00:00 AM,2023-2024,24.19,2023,47,08/17/2024 12:00:00 AM,09/16/2024 12:00:00 AM,"White, Non-Hispanic",2024-11-23
09/02/2023 12:00:00 AM,2023-2024,0,2023,35,08/17/2024 12:00:00 AM,09/16/2024 12:00:00 AM,"Black, Non-Hispanic",2024-08-31
09/09/2023 12:00:00 AM,2023-2024,0.0001,2023,36,08/17/2024 12:00:00 AM,09/16/2024 12:00:00 AM,"Black, Non-Hispanic",2024-09-07
09/16/2023 12:00:00 AM,2023-2024,0.034,2023,37,08/17/2024 12:00:00 AM,09/16/2024 12:00:00 AM,"Black, Non-Hispanic",2024-09-14
09/23/2023 12:00:00 AM,2023-2024,1.16,2023,38,08/17/2024 12:00:00 AM,09/16/2024 12:00:00 AM,"Black, Non-Hispanic",2024-09-21
09/30/2023 12:00:00 AM,2023-2024,3.03,2023,39,08/17/2024 12:00:00 AM,09/16/2024 12:00:00 AM,"Black, Non-Hispanic",2024-09-28
10/07/2023 12:00:00 AM,2023-2024,5.28,2023,40,08/17/2024 12:00:00 AM,09/16/2024 12:00:00 AM,"Black, Non-Hispanic",2024-10-05
10/14/2023 12:00:00 AM,2023-2024,7.52,2023,41,08/17/2024 12:00:00 AM,09/16/2024 12:00:00 AM,"Black, Non-Hispanic",2024-10-12
10/21/2023 12:00:00 AM,2023-2024,9.63,2023,42,08/17/2024 12:00:00 AM,09/16/2024 12:00:00 AM,"Black, Non-Hispanic",2024-10-19
10/28/2023 12:00:00 AM,2023-2024,11.51,2023,43,08/17/2024 12:00:00 AM,09/16/2024 12:00:00 AM,"Black, Non-Hispanic",2024-10-26
11/04/2023 12:00:00 AM,2023-2024,13.08,2023,44,08/17/2024 12:00:00 AM,09/16/2024 12:00:00 AM,"Black, Non-Hispanic",2024-11-02
11/11/2023 12:00:00 AM,2023-2024,14.48,2023,45,08/17/2024 12:00:00 AM,09/16/2024 12:00:00 AM,"Black, Non-Hispanic",2024-11-09
11/18/2023 12:00:00 AM,2023-2024,15.75,2023,46,08/17/2024 12:00:00 AM,09/16/2024 12:00:00 AM,"Black, Non-Hispanic",2024-11-16
11/25/2023 12:00:00 AM,2023-2024,16.39,2023,47,08/17/2024 12:00:00 AM,09/16/2024 12:00:00 AM,"Black, Non-Hispanic",2024-11-23
09/02/2023 12:00:00 AM,2023-2024,0,2023,35,08/17/2024 12:00:00 AM,09/16/2024 12:00:00 AM,"Other, Non-Hispanic",2024-08-31
09/09/2023 12:00:00 AM,2023-2024,0.0002,2023,36,08/17/2024 12:00:00 AM,09/16/2024 12:00:00 AM,"Other, Non-Hispanic",2024-09-07
09/16/2023 12:00:00 AM,2023-2024,0.081,2023,37,08/17/2024 12:00:00 AM,09/16/2024 12:00:00 AM,"Other, Non-Hispanic",2024-09-14
09/23/2023 12:00:00 AM,2023-2024,1.85,2023,38,08/17/2024 12:00:00 AM,09/16/2024 12:00:00 AM,"Other, Non-Hispanic",2024-09-21
09/30/2023 12:00:00 AM,2023-2024,4.54,2023,39,08/17/2024 12:00:00 AM,09/16/2024 12:00:00 AM,"Other, Non-Hispanic",2024-09-28
10/07/2023 12:00:00 AM,2023-2024,7.97,2023,40,08/17/2024 12:00:00 AM,09/16/2024 12:00:00 AM,"Other, Non-Hispanic",2024-10-05
10/14/2023 12:00:00 AM,2023-2024,11.35,2023,41,08/17/2024 12:00:00 AM,09/16/2024 12:00:00 AM,"Other, Non-Hispanic",2024-10-12
10/21/2023 12:00:00 AM,2023-2024,14.29,2023,42,08/17/2024 12:00:00 AM,09/16/2024 12:00:00 AM,"Other, Non-Hispanic",2024-10-19
10/28/2023 12:00:00 AM,2023-2024,16.67,2023,43,08/17/2024 12:00:00 AM,09/16/2024 12:00:00 AM,"Other, Non-Hispanic",2024-10-26
11/04/2023 12:00:00 AM,2023-2024,18.61,2023,44,08/17/2024 12:00:00 AM,09/16/2024 12:00:00 AM,"Other, Non-Hispanic",2024-11-02
11/11/2023 12:00:00 AM,2023-2024,20.24,2023,45,08/17/2024 12:00:00 AM,09/16/2024 12:00:00 AM,"Other, Non-Hispanic",2024-11-09
11/18/2023 12:00:00 AM,2023-2024,21.63,2023,46,08/17/2024 12:00:00 AM,09/16/2024 12:00:00 AM,"Other, Non-Hispanic",2024-11-16
11/25/2023 12:00:00 AM,2023-2024,22.35,2023,47,08/17/2024 12:00:00 AM,09/16/2024 12:00:00 AM,"Other, Non-Hispanic",2024-11-23
09/02/2023 12:00:00 AM,2023-2024,0,2023,35,08/17/2024 12:00:00 AM,09/16/2024 12:00:00 AM,"Asian, Non-Hispanic",2024-08-31
09/09/2023 12:00:00 AM,2023-2024,0,2023,36,08/17/2024 12:00:00 AM,09/16/2024 12:00:00 AM,"Asian, Non-Hispanic",2024-09-07
09/16/2023 12:00:00 AM,2023-2024,0.0645,2023,37,08/17/2024 12:00:00 AM,09/16/2024 12:00:00 AM,"Asian, Non-Hispanic",2024-09-14
09/23/2023 12:00:00 AM,2023-2024,1.56,2023,38,08/17/2024 12:00:00 AM,09/16/2024 12:00:00 AM,"Asian, Non-Hispanic",2024-09-21
09/30/2023 12:00:00 AM,2023-2024,3.92,2023,39,08/17/2024 12:00:00 AM,09/16/2024 12:00:00 AM,"Asian, Non-Hispanic",2024-09-28
10/07/2023 12:00:00 AM,2023-2024,6.97,2023,40,08/17/2024 12:00:00 AM,09/16/2024 12:00:00 AM,"Asian, Non-Hispanic",2024-10-05
10/14/2023 12:00:00 AM,2023-2024,9.98,2023,41,08/17/2024 12:00:00 AM,09/16/2024 12:00:00 AM,"Asian, Non-Hispanic",2024-10-12
10/21/2023 12:00:00 AM,2023-2024,12.64,2023,42,08/17/2024 12:00:00 AM,09/16/2024 12:00:00 AM,"Asian, Non-Hispanic",2024-10-19
10/28/2023 12:00:00 AM,2023-2024,14.87,2023,43,08/17/2024 12:00:00 AM,09/16/2024 12:00:00 AM,"Asian, Non-Hispanic",2024-10-26
11/04/2023 12:00:00 AM,2023-2024,16.63,2023,44,08/17/2024 12:00:00 AM,09/16/2024 12:00:00 AM,"Asian, Non-Hispanic",2024-11-02
11/11/2023 12:00:00 AM,2023-2024,18.13,2023,45,08/17/2024 12:00:00 AM,09/16/2024 12:00:00 AM,"Asian, Non-Hispanic",2024-11-09
11/18/2023 12:00:00 AM,2023-2024,19.37,2023,46,08/17/2024 12:00:00 AM,09/16/2024 12:00:00 AM,"Asian, Non-Hispanic",2024-11-16
11/25/2023 12:00:00 AM,2023-2024,20.08,2023,47,08/17/2024 12:00:00 AM,09/16/2024 12:00:00 AM,"Asian, Non-Hispanic",2024-11-23
09/02/2023 12:00:00 AM,2023-2024,0,2023,35,08/17/2024 12:00:00 AM,09/16/2024 12:00:00 AM,Hispanic,2024-08-31
09/09/2023 12:00:00 AM,2023-2024,0,2023,36,08/17/2024 12:00:00 AM,09/16/2024 12:00:00 AM,Hispanic,2024-09-07
09/16/2023 12:00:00 AM,2023-2024,0.0205,2023,37,08/17/2024 12:00:00 AM,09/16/2024 12:00:00 AM,Hispanic,2024-09-14
09/23/2023 12:00:00 AM,2023-2024,0.521,2023,38,08/17/2024 12:00:00 AM,09/16/2024 12:00:00 AM,Hispanic,2024-09-21
09/30/2023 12:00:00 AM,2023-2024,1.32,2023,39,08/17/2024 12:00:00 AM,09/16/2024 12:00:00 AM,Hispanic,2024-09-28
10/07/2023 12:00:00 AM,2023-2024,2.33,2023,40,08/17/2024 12:00:00 AM,09/16/2024 12:00:00 AM,Hispanic,2024-10-05
10/14/2023 12:00:00 AM,2023-2024,3.35,2023,41,08/17/2024 12:00:00 AM,09/16/2024 12:00:00 AM,Hispanic,2024-10-12
10/21/2023 12:00:00 AM,2023-2024,4.32,2023,42,08/17/2024 12:00:00 AM,09/16/2024 12:00:00 AM,Hispanic,2024-10-19
10/28/2023 12:00:00 AM,2023-2024,5.21,2023,43,08/17/2024 12:00:00 AM,09/16/2024 12:00:00 AM,Hispanic,2024-10-26
11/04/2023 12:00:00 AM,2023-2024,5.95,2023,44,08/17/2024 12:00:00 AM,09/16/2024 12:00:00 AM,Hispanic,2024-11-02
11/11/2023 12:00:00 AM,2023-2024,6.65,2023,45,08/17/2024 12:00:00 AM,09/16/2024 12:00:00 AM,Hispanic,2024-11-09
11/18/2023 12:00:00 AM,2023-2024,7.29,2023,46,08/17/2024 12:00:00 AM,09/16/2024 12:00:00 AM,Hispanic,2024-11-16
11/25/2023 12:00:00 AM,2023-2024,7.68,2023,47,08/17/2024 12:00:00 AM,09/16/2024 12:00:00 AM,Hispanic,2024-11-23
12/02/2023 12:00:00 AM,2023-2024,24.42,2023,48,08/17/2024 12:00:00 AM,09/16/2024 12:00:00 AM,Overall,2024-11-30
12/09/2023 12:00:00 AM,2023-2024,25.29,2023,49,08/17/2024 12:00:00 AM,09/16/2024 12:00:00 AM,Overall,2024-12-07
12/16/2023 12:00:00 AM,2023-2024,26.02,2023,50,08/17/2024 12:00:00 AM,09/16/2024 12:00:00 AM,Overall,2024-12-14
12/23/2023 12:00:00 AM,2023-2024,26.61,2023,51,08/17/2024 12:00:00 AM,09/16/2024 12:00:00 AM,Overall,2024-12-21
12/30/2023 12:00:00 AM,2023-2024,26.99,2023,52,08/17/2024 12:00:00 AM,09/16/2024 12:00:00 AM,Overall,2024-12-28
12/02/2023 12:00:00 AM,2023-2024,25.25,2023,48,08/17/2024 12:00:00 AM,09/16/2024 12:00:00 AM,"White, Non-Hispanic",2024-11-30
12/09/2023 12:00:00 AM,2023-2024,26.13,2023,49,08/17/2024 12:00:00 AM,09/16/2024 12:00:00 AM,"White, Non-Hispanic",2024-12-07
12/16/2023 12:00:00 AM,2023-2024,26.88,2023,50,08/17/2024 12:00:00 AM,09/16/2024 12:00:00 AM,"White, Non-Hispanic",2024-12-14
12/23/2023 12:00:00 AM,2023-2024,27.47,2023,51,08/17/2024 12:00:00 AM,09/16/2024 12:00:00 AM,"White, Non-Hispanic",2024-12-21
12/30/2023 12:00:00 AM,2023-2024,27.84,2023,52,08/17/2024 12:00:00 AM,09/16/2024 12:00:00 AM,"White, Non-Hispanic",2024-12-28
12/02/2023 12:00:00 AM,2023-2024,17.29,2023,48,08/17/2024 12:00:00 AM,09/16/2024 12:00:00 AM,"Black, Non-Hispanic",2024-11-30
12/09/2023 12:00:00 AM,2023-2024,18.09,2023,49,08/17/2024 12:00:00 AM,09/16/2024 12:00:00 AM,"Black, Non-Hispanic",2024-12-07
12/16/2023 12:00:00 AM,2023-2024,18.78,2023,50,08/17/2024 12:00:00 AM,09/16/2024 12:00:00 AM,"Black, Non-Hispanic",2024-12-14
12/23/2023 12:00:00 AM,2023-2024,19.36,2023,51,08/17/2024 12:00:00 AM,09/16/2024 12:00:00 AM,"Black, Non-Hispanic",2024-12-21
12/30/2023 12:00:00 AM,2023-2024,19.72,2023,52,08/17/2024 12:00:00 AM,09/16/2024 12:00:00 AM,"Black, Non-Hispanic",2024-12-28
12/02/2023 12:00:00 AM,2023-2024,23.36,2023,48,08/17/2024 12:00:00 AM,09/16/2024 12:00:00 AM,"Other, Non-Hispanic",2024-11-30
12/09/2023 12:00:00 AM,2023-2024,24.23,2023,49,08/17/2024 12:00:00 AM,09/16/2024 12:00:00 AM,"Other, Non-Hispanic",2024-12-07
12/16/2023 12:00:00 AM,2023-2024,24.97,2023,50,08/17/2024 12:00:00 AM,09/16/2024 12:00:00 AM,"Other, Non-Hispanic",2024-12-14
12/23/2023 12:00:00 AM,2023-2024,25.58,2023,51,08/17/2024 12:00:00 AM,09/16/2024 12:00:00 AM,"Other, Non-Hispanic",2024-12-21
12/30/2023 12:00:00 AM,2023-2024,25.98,2023,52,08/17/2024 12:00:00 AM,09/16/2024 12:00:00 AM,"Other, Non-Hispanic",2024-12-28
12/02/2023 12:00:00 AM,2023-2024,20.98,2023,48,08/17/2024 12:00:00 AM,09/16/2024 12:00:00 AM,"Asian, Non-Hispanic",2024-11-30
12/09/2023 12:00:00 AM,2023-2024,21.82,2023,49,08/17/2024 12:00:00 AM,09/16/2024 12:00:00 AM,"Asian, Non-Hispanic",2024-12-07
12/16/2023 12:00:00 AM,2023-2024,22.54,2023,50,08/17/2024 12:00:00 AM,09/16/2024 12:00:00 AM,"Asian, Non-Hispanic",2024-12-14
12/23/2023 12:00:00 AM,2023-2024,23.19,2023,51,08/17/2024 12:00:00 AM,09/16/2024 12:00:00 AM,"Asian, Non-Hispanic",2024-12-21
12/30/2023 12:00:00 AM,2023-2024,23.62,2023,52,08/17/2024 12:00:00 AM,09/16/2024 12:00:00 AM,"Asian, Non-Hispanic",2024-12-28
12/02/2023 12:00:00 AM,2023-2024,8.21,2023,48,08/17/2024 12:00:00 AM,09/16/2024 12:00:00 AM,Hispanic,2024-11-30
12/09/2023 12:00:00 AM,2023-2024,8.68,2023,49,08/17/2024 12:00:00 AM,09/16/2024 12:00:00 AM,Hispanic,2024-12-07
12/16/2023 12:00:00 AM,2023-2024,9.07,2023,50,08/17/2024 12:00:00 AM,09/16/2024 12:00:00 AM,Hispanic,2024-12-14
12/23/2023 12:00:00 AM,2023-2024,9.45,2023,51,08/17/2024 12:00:00 AM,09/16/2024 12:00:00 AM,Hispanic,2024-12-21
12/30/2023 12:00:00 AM,2023-2024,9.69,2023,52,08/17/2024 12:00:00 AM,09/16/2024 12:00:00 AM,Hispanic,2024-12-28
01/06/2024 12:00:00 AM,2023-2024,27.46,2024,1,08/17/2024 12:00:00 AM,09/16/2024 12:00:00 AM,Overall,2025-01-04
01/13/2024 12:00:00 AM,2023-2024,27.88,2024,2,08/17/2024 12:00:00 AM,09/16/2024 12:00:00 AM,Overall,2025-01-11
01/20/2024 12:00:00 AM,2023-2024,28.16,2024,3,08/17/2024 12:00:00 AM,09/16/2024 12:00:00 AM,Overall,2025-01-18
01/27/2024 12:00:00 AM,2023-2024,28.41,2024,4,08/17/2024 12:00:00 AM,09/16/2024 12:00:00 AM,Overall,2025-01-25
01/06/2024 12:00:00 AM,2023-2024,28.32,2024,1,08/17/2024 12:00:00 AM,09/16/2024 12:00:00 AM,"White, Non-Hispanic",2025-01-04
01/13/2024 12:00:00 AM,2023-2024,28.74,2024,2,08/17/2024 12:00:00 AM,09/16/2024 12:00:00 AM,"White, Non-Hispanic",2025-01-11
01/20/2024 12:00:00 AM,2023-2024,29.01,2024,3,08/17/2024 12:00:00 AM,09/16/2024 12:00:00 AM,"White, Non-Hispanic",2025-01-18
01/27/2024 12:00:00 AM,2023-2024,29.26,2024,4,08/17/2024 12:00:00 AM,09/16/2024 12:00:00 AM,"White, Non-Hispanic",2025-01-25
01/06/2024 12:00:00 AM,2023-2024,20.17,2024,1,08/17/2024 12:00:00 AM,09/16/2024 12:00:00 AM,"Black, Non-Hispanic",2025-01-04
01/13/2024 12:00:00 AM,2023-2024,20.61,2024,2,08/17/2024 12:00:00 AM,09/16/2024 12:00:00 AM,"Black, Non-Hispanic",2025-01-11
01/20/2024 12:00:00 AM,2023-2024,20.87,2024,3,08/17/2024 12:00:00 AM,09/16/2024 12:00:00 AM,"Black, Non-Hispanic",2025-01-18
01/27/2024 12:00:00 AM,2023-2024,21.17,2024,4,08/17/2024 12:00:00 AM,09/16/2024 12:00:00 AM,"Black, Non-Hispanic",2025-01-25
01/06/2024 12:00:00 AM,2023-2024,26.43,2024,1,08/17/2024 12:00:00 AM,09/16/2024 12:00:00 AM,"Other, Non-Hispanic",2025-01-04
01/13/2024 12:00:00 AM,2023-2024,26.9,2024,2,08/17/2024 12:00:00 AM,09/16/2024 12:00:00 AM,"Other, Non-Hispanic",2025-01-11
01/20/2024 12:00:00 AM,2023-2024,27.21,2024,3,08/17/2024 12:00:00 AM,09/16/2024 12:00:00 AM,"Other, Non-Hispanic",2025-01-18
01/27/2024 12:00:00 AM,2023-2024,27.5,2024,4,08/17/2024 12:00:00 AM,09/16/2024 12:00:00 AM,"Other, Non-Hispanic",2025-01-25
01/06/2024 12:00:00 AM,2023-2024,24.05,2024,1,08/17/2024 12:00:00 AM,09/16/2024 12:00:00 AM,"Asian, Non-Hispanic",2025-01-04
01/13/2024 12:00:00 AM,2023-2024,24.53,2024,2,08/17/2024 12:00:00 AM,09/16/2024 12:00:00 AM,"Asian, Non-Hispanic",2025-01-11
01/20/2024 12:00:00 AM,2023-2024,24.86,2024,3,08/17/2024 12:00:00 AM,09/16/2024 12:00:00 AM,"Asian, Non-Hispanic",2025-01-18
01/27/2024 12:00:00 AM,2023-2024,25.17,2024,4,08/17/2024 12:00:00 AM,09/16/2024 12:00:00 AM,"Asian, Non-Hispanic",2025-01-25
01/06/2024 12:00:00 AM,2023-2024,9.98,2024,1,08/17/2024 12:00:00 AM,09/16/2024 12:00:00 AM,Hispanic,2025-01-04
01/13/2024 12:00:00 AM,2023-2024,10.24,2024,2,08/17/2024 12:00:00 AM,09/16/2024 12:00:00 AM,Hispanic,2025-01-11
01/20/2024 12:00:00 AM,2023-2024,10.45,2024,3,08/17/2024 12:00:00 AM,09/16/2024 12:00:00 AM,Hispanic,2025-01-18
01/27/2024 12:00:00 AM,2023-2024,10.65,2024,4,08/17/2024 12:00:00 AM,09/16/2024 12:00:00 AM,Hispanic,2025-01-25
02/03/2024 12:00:00 AM,2023-2024,28.62,2024,5,08/17/2024 12:00:00 AM,09/16/2024 12:00:00 AM,Overall,2025-02-01
02/10/2024 12:00:00 AM,2023-2024,28.78,2024,6,08/17/2024 12:00:00 AM,09/16/2024 12:00:00 AM,Overall,2025-02-08
02/17/2024 12:00:00 AM,2023-2024,28.91,2024,7,08/17/2024 12:00:00 AM,09/16/2024 12:00:00 AM,Overall,2025-02-15
02/24/2024 12:00:00 AM,2023-2024,29,2024,8,08/17/2024 12:00:00 AM,09/16/2024 12:00:00 AM,Overall,2025-02-22
02/03/2024 12:00:00 AM,2023-2024,29.46,2024,5,08/17/2024 12:00:00 AM,09/16/2024 12:00:00 AM,"White, Non-Hispanic",2025-02-01
02/10/2024 12:00:00 AM,2023-2024,29.62,2024,6,08/17/2024 12:00:00 AM,09/16/2024 12:00:00 AM,"White, Non-Hispanic",2025-02-08
02/17/2024 12:00:00 AM,2023-2024,29.74,2024,7,08/17/2024 12:00:00 AM,09/16/2024 12:00:00 AM,"White, Non-Hispanic",2025-02-15
02/24/2024 12:00:00 AM,2023-2024,29.83,2024,8,08/17/2024 12:00:00 AM,09/16/2024 12:00:00 AM,"White, Non-Hispanic",2025-02-22
02/03/2024 12:00:00 AM,2023-2024,21.42,2024,5,08/17/2024 12:00:00 AM,09/16/2024 12:00:00 AM,"Black, Non-Hispanic",2025-02-01
02/10/2024 12:00:00 AM,2023-2024,21.65,2024,6,08/17/2024 12:00:00 AM,09/16/2024 12:00:00 AM,"Black, Non-Hispanic",2025-02-08
02/17/2024 12:00:00 AM,2023-2024,21.81,2024,7,08/17/2024 12:00:00 AM,09/16/2024 12:00:00 AM,"Black, Non-Hispanic",2025-02-15
02/24/2024 12:00:00 AM,2023-2024,21.95,2024,8,08/17/2024 12:00:00 AM,09/16/2024 12:00:00 AM,"Black, Non-Hispanic",2025-02-22
02/03/2024 12:00:00 AM,2023-2024,27.74,2024,5,08/17/2024 12:00:00 AM,09/16/2024 12:00:00 AM,"Other, Non-Hispanic",2025-02-01
02/10/2024 12:00:00 AM,2023-2024,27.93,2024,6,08/17/2024 12:00:00 AM,09/16/2024 12:00:00 AM,"Other, Non-Hispanic",2025-02-08
02/17/2024 12:00:00 AM,2023-2024,28.09,2024,7,08/17/2024 12:00:00 AM,09/16/2024 12:00:00 AM,"Other, Non-Hispanic",2025-02-15
02/24/2024 12:00:00 AM,2023-2024,28.21,2024,8,08/17/2024 12:00:00 AM,09/16/2024 12:00:00 AM,"Other, Non-Hispanic",2025-02-22
02/03/2024 12:00:00 AM,2023-2024,25.42,2024,5,08/17/2024 12:00:00 AM,09/16/2024 12:00:00 AM,"Asian, Non-Hispanic",2025-02-01
02/10/2024 12:00:00 AM,2023-2024,25.61,2024,6,08/17/2024 12:00:00 AM,09/16/2024 12:00:00 AM,"Asian, Non-Hispanic",2025-02-08
02/17/2024 12:00:00 AM,2023-2024,25.76,2024,7,08/17/2024 12:00:00 AM,09/16/2024 12:00:00 AM,"Asian, Non-Hispanic",2025-02-15
02/24/2024 12:00:00 AM,2023-2024,25.88,2024,8,08/17/2024 12:00:00 AM,09/16/2024 12:00:00 AM,"Asian, Non-Hispanic",2025-02-22
02/03/2024 12:00:00 AM,2023-2024,10.84,2024,5,08/17/2024 12:00:00 AM,09/16/2024 12:00:00 AM,Hispanic,2025-02-01
02/10/2024 12:00:00 AM,2023-2024,11,2024,6,08/17/2024 12:00:00 AM,09/16/2024 12:00:00 AM,Hispanic,2025-02-08
02/17/2024 12:00:00 AM,2023-2024,11.12,2024,7,08/17/2024 12:00:00 AM,09/16/2024 12:00:00 AM,Hispanic,2025-02-15
02/24/2024 12:00:00 AM,2023-2024,11.22,2024,8,08/17/2024 12:00:00 AM,09/16/2024 12:00:00 AM,Hispanic,2025-02-22
03/02/2024 12:00:00 AM,2023-2024,29.09,2024,9,08/17/2024 12:00:00 AM,09/16/2024 12:00:00 AM,Overall,2025-03-01
03/09/2024 12:00:00 AM,2023-2024,29.18,2024,10,08/17/2024 12:00:00 AM,09/16/2024 12:00:00 AM,Overall,2025-03-08
03/16/2024 12:00:00 AM,2023-2024,29.27,2024,11,08/17/2024 12:00:00 AM,09/16/2024 12:00:00 AM,Overall,2025-03-15
03/23/2024 12:00:00 AM,2023-2024,29.36,2024,12,08/17/2024 12:00:00 AM,09/16/2024 12:00:00 AM,Overall,2025-03-22
03/30/2024 12:00:00 AM,2023-2024,29.44,2024,13,08/17/2024 12:00:00 AM,09/16/2024 12:00:00 AM,Overall,2025-03-29
03/02/2024 12:00:00 AM,2023-2024,29.91,2024,9,08/17/2024 12:00:00 AM,09/16/2024 12:00:00 AM,"White, Non-Hispanic",2025-03-01
03/09/2024 12:00:00 AM,2023-2024,30,2024,10,08/17/2024 12:00:00 AM,09/16/2024 12:00:00 AM,"White, Non-Hispanic",2025-03-08
03/16/2024 12:00:00 AM,2023-2024,30.09,2024,11,08/17/2024 12:00:00 AM,09/16/2024 12:00:00 AM,"White, Non-Hispanic",2025-03-15
03/23/2024 12:00:00 AM,2023-2024,30.18,2024,12,08/17/2024 12:00:00 AM,09/16/2024 12:00:00 AM,"White, Non-Hispanic",2025-03-22
03/30/2024 12:00:00 AM,2023-2024,30.25,2024,13,08/17/2024 12:00:00 AM,09/16/2024 12:00:00 AM,"White, Non-Hispanic",2025-03-29
03/02/2024 12:00:00 AM,2023-2024,22.07,2024,9,08/17/2024 12:00:00 AM,09/16/2024 12:00:00 AM,"Black, Non-Hispanic",2025-03-01
03/09/2024 12:00:00 AM,2023-2024,22.19,2024,10,08/17/2024 12:00:00 AM,09/16/2024 12:00:00 AM,"Black, Non-Hispanic",2025-03-08
03/16/2024 12:00:00 AM,2023-2024,22.32,2024,11,08/17/2024 12:00:00 AM,09/16/2024 12:00:00 AM,"Black, Non-Hispanic",2025-03-15
03/23/2024 12:00:00 AM,2023-2024,22.43,2024,12,08/17/2024 12:00:00 AM,09/16/2024 12:00:00 AM,"Black, Non-Hispanic",2025-03-22
03/30/2024 12:00:00 AM,2023-2024,22.52,2024,13,08/17/2024 12:00:00 AM,09/16/2024 12:00:00 AM,"Black, Non-Hispanic",2025-03-29
03/02/2024 12:00:00 AM,2023-2024,28.33,2024,9,08/17/2024 12:00:00 AM,09/16/2024 12:00:00 AM,"Other, Non-Hispanic",2025-03-01
03/09/2024 12:00:00 AM,2023-2024,28.45,2024,10,08/17/2024 12:00:00 AM,09/16/2024 12:00:00 AM,"Other, Non-Hispanic",2025-03-08
03/16/2024 12:00:00 AM,2023-2024,28.56,2024,11,08/17/2024 12:00:00 AM,09/16/2024 12:00:00 AM,"Other, Non-Hispanic",2025-03-15
03/23/2024 12:00:00 AM,2023-2024,28.68,2024,12,08/17/2024 12:00:00 AM,09/16/2024 12:00:00 AM,"Other, Non-Hispanic",2025-03-22
03/30/2024 12:00:00 AM,2023-2024,28.79,2024,13,08/17/2024 12:00:00 AM,09/16/2024 12:00:00 AM,"Other, Non-Hispanic",2025-03-29
03/02/2024 12:00:00 AM,2023-2024,25.99,2024,9,08/17/2024 12:00:00 AM,09/16/2024 12:00:00 AM,"Asian, Non-Hispanic",2025-03-01
03/09/2024 12:00:00 AM,2023-2024,26.11,2024,10,08/17/2024 12:00:00 AM,09/16/2024 12:00:00 AM,"Asian, Non-Hispanic",2025-03-08
03/16/2024 12:00:00 AM,2023-2024,26.23,2024,11,08/17/2024 12:00:00 AM,09/16/2024 12:00:00 AM,"Asian, Non-Hispanic",2025-03-15
03/23/2024 12:00:00 AM,2023-2024,26.35,2024,12,08/17/2024 12:00:00 AM,09/16/2024 12:00:00 AM,"Asian, Non-Hispanic",2025-03-22
03/30/2024 12:00:00 AM,2023-2024,26.45,2024,13,08/17/2024 12:00:00 AM,09/16/2024 12:00:00 AM,"Asian, Non-Hispanic",2025-03-29
03/02/2024 12:00:00 AM,2023-2024,11.31,2024,9,08/17/2024 12:00:00 AM,09/16/2024 12:00:00 AM,Hispanic,2025-03-01
03/09/2024 12:00:00 AM,2023-2024,11.38,2024,10,08/17/2024 12:00:00 AM,09/16/2024 12:00:00 AM,Hispanic,2025-03-08
03/16/2024 12:00:00 AM,2023-2024,11.47,2024,11,08/17/2024 12:00:00 AM,09/16/2024 12:00:00 AM,Hispanic,2025-03-15
03/23/2024 12:00:00 AM,2023-2024,11.55,2024,12,08/17/2024 12:00:00 AM,09/16/2024 12:00:00 AM,Hispanic,2025-03-22
03/30/2024 12:00:00 AM,2023-2024,11.62,2024,13,08/17/2024 12:00:00 AM,09/16/2024 12:00:00 AM,Hispanic,2025-03-29
04/06/2024 12:00:00 AM,2023-2024,29.51,2024,14,08/17/2024 12:00:00 AM,09/16/2024 12:00:00 AM,Overall,2025-04-05
04/13/2024 12:00:00 AM,2023-2024,29.58,2024,15,08/17/2024 12:00:00 AM,09/16/2024 12:00:00 AM,Overall,2025-04-12
04/20/2024 12:00:00 AM,2023-2024,29.64,2024,16,08/17/2024 12:00:00 AM,09/16/2024 12:00:00 AM,Overall,2025-04-19
04/27/2024 12:00:00 AM,2023-2024,29.7,2024,17,08/17/2024 12:00:00 AM,09/16/2024 12:00:00 AM,Overall,2025-04-26
05/04/2024 12:00:00 AM,2023-2024,29.75,2024,18,08/17/2024 12:00:00 AM,09/16/2024 12:00:00 AM,Overall,2025-05-03
05/11/2024 12:00:00 AM,2023-2024,29.8,2024,19,08/17/2024 12:00:00 AM,09/16/2024 12:00:00 AM,Overall,2025-05-10
05/18/2024 12:00:00 AM,2023-2024,29.84,2024,20,08/17/2024 12:00:00 AM,09/16/2024 12:00:00 AM,Overall,2025-05-17
05/25/2024 12:00:00 AM,2023-2024,29.88,2024,21,08/17/2024 12:00:00 AM,09/16/2024 12:00:00 AM,Overall,2025-05-24
06/01/2024 12:00:00 AM,2023-2024,29.91,2024,22,08/17/2024 12:00:00 AM,09/16/2024 12:00:00 AM,Overall,2025-05-31
06/08/2024 12:00:00 AM,2023-2024,29.95,2024,23,08/17/2024 12:00:00 AM,09/16/2024 12:00:00 AM,Overall,2025-06-07
06/15/2024 12:00:00 AM,2023-2024,29.98,2024,24,08/17/2024 12:00:00 AM,09/16/2024 12:00:00 AM,Overall,2025-06-14
06/22/2024 12:00:00 AM,2023-2024,30,2024,25,08/17/2024 12:00:00 AM,09/16/2024 12:00:00 AM,Overall,2025-06-21
06/29/2024 12:00:00 AM,2023-2024,30.03,2024,26,08/17/2024 12:00:00 AM,09/16/2024 12:00:00 AM,Overall,2025-06-28
07/06/2024 12:00:00 AM,2023-2024,30.05,2024,27,08/17/2024 12:00:00 AM,09/16/2024 12:00:00 AM,Overall,2025-07-05
07/13/2024 12:00:00 AM,2023-2024,30.08,2024,28,08/17/2024 12:00:00 AM,09/16/2024 12:00:00 AM,Overall,2025-07-12
07/20/2024 12:00:00 AM,2023-2024,30.11,2024,29,08/17/2024 12:00:00 AM,09/16/2024 12:00:00 AM,Overall,2025-07-19
07/27/2024 12:00:00 AM,2023-2024,30.13,2024,30,08/17/2024 12:00:00 AM,09/16/2024 12:00:00 AM,Overall,2025-07-26
08/03/2024 12:00:00 AM,2023-2024,30.15,2024,31,08/17/2024 12:00:00 AM,09/16/2024 12:00:00 AM,Overall,2025-08-02
08/10/2024 12:00:00 AM,2023-2024,30.16,2024,32,08/17/2024 12:00:00 AM,09/16/2024 12:00:00 AM,Overall,2025-08-09
08/17/2024 12:00:00 AM,2023-2024,30.18,2024,33,08/17/2024 12:00:00 AM,09/16/2024 12:00:00 AM,Overall,2025-08-16
04/06/2024 12:00:00 AM,2023-2024,30.32,2024,14,08/17/2024 12:00:00 AM,09/16/2024 12:00:00 AM,"White, Non-Hispanic",2025-04-05
04/13/2024 12:00:00 AM,2023-2024,30.39,2024,15,08/17/2024 12:00:00 AM,09/16/2024 12:00:00 AM,"White, Non-Hispanic",2025-04-12
04/20/2024 12:00:00 AM,2023-2024,30.45,2024,16,08/17/2024 12:00:00 AM,09/16/2024 12:00:00 AM,"White, Non-Hispanic",2025-04-19
04/27/2024 12:00:00 AM,2023-2024,30.5,2024,17,08/17/2024 12:00:00 AM,09/16/2024 12:00:00 AM,"White, Non-Hispanic",2025-04-26
05/04/2024 12:00:00 AM,2023-2024,30.56,2024,18,08/17/2024 12:00:00 AM,09/16/2024 12:00:00 AM,"White, Non-Hispanic",2025-05-03
05/11/2024 12:00:00 AM,2023-2024,30.6,2024,19,08/17/2024 12:00:00 AM,09/16/2024 12:00:00 AM,"White, Non-Hispanic",2025-05-10
05/18/2024 12:00:00 AM,2023-2024,30.64,2024,20,08/17/2024 12:00:00 AM,09/16/2024 12:00:00 AM,"White, Non-Hispanic",2025-05-17
05/25/2024 12:00:00 AM,2023-2024,30.68,2024,21,08/17/2024 12:00:00 AM,09/16/2024 12:00:00 AM,"White, Non-Hispanic",2025-05-24
06/01/2024 12:00:00 AM,2023-2024,30.71,2024,22,08/17/2024 12:00:00 AM,09/16/2024 12:00:00 AM,"White, Non-Hispanic",2025-05-31
06/08/2024 12:00:00 AM,2023-2024,30.74,2024,23,08/17/2024 12:00:00 AM,09/16/2024 12:00:00 AM,"White, Non-Hispanic",2025-06-07
06/15/2024 12:00:00 AM,2023-2024,30.77,2024,24,08/17/2024 12:00:00 AM,09/16/2024 12:00:00 AM,"White, Non-Hispanic",2025-06-14
06/22/2024 12:00:00 AM,2023-2024,30.8,2024,25,08/17/2024 12:00:00 AM,09/16/2024 12:00:00 AM,"White, Non-Hispanic",2025-06-21
06/29/2024 12:00:00 AM,2023-2024,30.82,2024,26,08/17/2024 12:00:00 AM,09/16/2024 12:00:00 AM,"White, Non-Hispanic",2025-06-28
07/06/2024 12:00:00 AM,2023-2024,30.84,2024,27,08/17/2024 12:00:00 AM,09/16/2024 12:00:00 AM,"White, Non-Hispanic",2025-07-05
07/13/2024 12:00:00 AM,2023-2024,30.87,2024,28,08/17/2024 12:00:00 AM,09/16/2024 12:00:00 AM,"White, Non-Hispanic",2025-07-12
07/20/2024 12:00:00 AM,2023-2024,30.89,2024,29,08/17/2024 12:00:00 AM,09/16/2024 12:00:00 AM,"White, Non-Hispanic",2025-07-19
07/27/2024 12:00:00 AM,2023-2024,30.92,2024,30,08/17/2024 12:00:00 AM,09/16/2024 12:00:00 AM,"White, Non-Hispanic",2025-07-26
08/03/2024 12:00:00 AM,2023-2024,30.93,2024,31,08/17/2024 12:00:00 AM,09/16/2024 12:00:00 AM,"White, Non-Hispanic",2025-08-02
08/10/2024 12:00:00 AM,2023-2024,30.95,2024,32,08/17/2024 12:00:00 AM,09/16/2024 12:00:00 AM,"White, Non-Hispanic",2025-08-09
08/17/2024 12:00:00 AM,2023-2024,30.96,2024,33,08/17/2024 12:00:00 AM,09/16/2024 12:00:00 AM,"White, Non-Hispanic",2025-08-16
04/06/2024 12:00:00 AM,2023-2024,22.61,2024,14,08/17/2024 12:00:00 AM,09/16/2024 12:00:00 AM,"Black, Non-Hispanic",2025-04-05
04/13/2024 12:00:00 AM,2023-2024,22.68,2024,15,08/17/2024 12:00:00 AM,09/16/2024 12:00:00 AM,"Black, Non-Hispanic",2025-04-12
04/20/2024 12:00:00 AM,2023-2024,22.76,2024,16,08/17/2024 12:00:00 AM,09/16/2024 12:00:00 AM,"Black, Non-Hispanic",2025-04-19
04/27/2024 12:00:00 AM,2023-2024,22.83,2024,17,08/17/2024 12:00:00 AM,09/16/2024 12:00:00 AM,"Black, Non-Hispanic",2025-04-26
05/04/2024 12:00:00 AM,2023-2024,22.89,2024,18,08/17/2024 12:00:00 AM,09/16/2024 12:00:00 AM,"Black, Non-Hispanic",2025-05-03
05/11/2024 12:00:00 AM,2023-2024,22.94,2024,19,08/17/2024 12:00:00 AM,09/16/2024 12:00:00 AM,"Black, Non-Hispanic",2025-05-10
05/18/2024 12:00:00 AM,2023-2024,22.99,2024,20,08/17/2024 12:00:00 AM,09/16/2024 12:00:00 AM,"Black, Non-Hispanic",2025-05-17
05/25/2024 12:00:00 AM,2023-2024,23.04,2024,21,08/17/2024 12:00:00 AM,09/16/2024 12:00:00 AM,"Black, Non-Hispanic",2025-05-24
06/01/2024 12:00:00 AM,2023-2024,23.08,2024,22,08/17/2024 12:00:00 AM,09/16/2024 12:00:00 AM,"Black, Non-Hispanic",2025-05-31
06/08/2024 12:00:00 AM,2023-2024,23.13,2024,23,08/17/2024 12:00:00 AM,09/16/2024 12:00:00 AM,"Black, Non-Hispanic",2025-06-07
06/15/2024 12:00:00 AM,2023-2024,23.18,2024,24,08/17/2024 12:00:00 AM,09/16/2024 12:00:00 AM,"Black, Non-Hispanic",2025-06-14
06/22/2024 12:00:00 AM,2023-2024,23.21,2024,25,08/17/2024 12:00:00 AM,09/16/2024 12:00:00 AM,"Black, Non-Hispanic",2025-06-21
06/29/2024 12:00:00 AM,2023-2024,23.25,2024,26,08/17/2024 12:00:00 AM,09/16/2024 12:00:00 AM,"Black, Non-Hispanic",2025-06-28
07/06/2024 12:00:00 AM,2023-2024,23.27,2024,27,08/17/2024 12:00:00 AM,09/16/2024 12:00:00 AM,"Black, Non-Hispanic",2025-07-05
07/13/2024 12:00:00 AM,2023-2024,23.3,2024,28,08/17/2024 12:00:00 AM,09/16/2024 12:00:00 AM,"Black, Non-Hispanic",2025-07-12
07/20/2024 12:00:00 AM,2023-2024,23.34,2024,29,08/17/2024 12:00:00 AM,09/16/2024 12:00:00 AM,"Black, Non-Hispanic",2025-07-19
07/27/2024 12:00:00 AM,2023-2024,23.37,2024,30,08/17/2024 12:00:00 AM,09/16/2024 12:00:00 AM,"Black, Non-Hispanic",2025-07-26
08/03/2024 12:00:00 AM,2023-2024,23.4,2024,31,08/17/2024 12:00:00 AM,09/16/2024 12:00:00 AM,"Black, Non-Hispanic",2025-08-02
08/10/2024 12:00:00 AM,2023-2024,23.41,2024,32,08/17/2024 12:00:00 AM,09/16/2024 12:00:00 AM,"Black, Non-Hispanic",2025-08-09
08/17/2024 12:00:00 AM,2023-2024,23.43,2024,33,08/17/2024 12:00:00 AM,09/16/2024 12:00:00 AM,"Black, Non-Hispanic",2025-08-16
04/06/2024 12:00:00 AM,2023-2024,28.89,2024,14,08/17/2024 12:00:00 AM,09/16/2024 12:00:00 AM,"Other, Non-Hispanic",2025-04-05
04/13/2024 12:00:00 AM,2023-2024,28.98,2024,15,08/17/2024 12:00:00 AM,09/16/2024 12:00:00 AM,"Other, Non-Hispanic",2025-04-12
04/20/2024 12:00:00 AM,2023-2024,29.06,2024,16,08/17/2024 12:00:00 AM,09/16/2024 12:00:00 AM,"Other, Non-Hispanic",2025-04-19
04/27/2024 12:00:00 AM,2023-2024,29.13,2024,17,08/17/2024 12:00:00 AM,09/16/2024 12:00:00 AM,"Other, Non-Hispanic",2025-04-26
05/04/2024 12:00:00 AM,2023-2024,29.2,2024,18,08/17/2024 12:00:00 AM,09/16/2024 12:00:00 AM,"Other, Non-Hispanic",2025-05-03
05/11/2024 12:00:00 AM,2023-2024,29.26,2024,19,08/17/2024 12:00:00 AM,09/16/2024 12:00:00 AM,"Other, Non-Hispanic",2025-05-10
05/18/2024 12:00:00 AM,2023-2024,29.32,2024,20,08/17/2024 12:00:00 AM,09/16/2024 12:00:00 AM,"Other, Non-Hispanic",2025-05-17
05/25/2024 12:00:00 AM,2023-2024,29.38,2024,21,08/17/2024 12:00:00 AM,09/16/2024 12:00:00 AM,"Other, Non-Hispanic",2025-05-24
06/01/2024 12:00:00 AM,2023-2024,29.43,2024,22,08/17/2024 12:00:00 AM,09/16/2024 12:00:00 AM,"Other, Non-Hispanic",2025-05-31
06/08/2024 12:00:00 AM,2023-2024,29.48,2024,23,08/17/2024 12:00:00 AM,09/16/2024 12:00:00 AM,"Other, Non-Hispanic",2025-06-07
06/15/2024 12:00:00 AM,2023-2024,29.54,2024,24,08/17/2024 12:00:00 AM,09/16/2024 12:00:00 AM,"Other, Non-Hispanic",2025-06-14
06/22/2024 12:00:00 AM,2023-2024,29.59,2024,25,08/17/2024 12:00:00 AM,09/16/2024 12:00:00 AM,"Other, Non-Hispanic",2025-06-21
06/29/2024 12:00:00 AM,2023-2024,29.64,2024,26,08/17/2024 12:00:00 AM,09/16/2024 12:00:00 AM,"Other, Non-Hispanic",2025-06-28
07/06/2024 12:00:00 AM,2023-2024,29.67,2024,27,08/17/2024 12:00:00 AM,09/16/2024 12:00:00 AM,"Other, Non-Hispanic",2025-07-05
07/13/2024 12:00:00 AM,2023-2024,29.71,2024,28,08/17/2024 12:00:00 AM,09/16/2024 12:00:00 AM,"Other, Non-Hispanic",2025-07-12
07/20/2024 12:00:00 AM,2023-2024,29.76,2024,29,08/17/2024 12:00:00 AM,09/16/2024 12:00:00 AM,"Other, Non-Hispanic",2025-07-19
07/27/2024 12:00:00 AM,2023-2024,29.79,2024,30,08/17/2024 12:00:00 AM,09/16/2024 12:00:00 AM,"Other, Non-Hispanic",2025-07-26
08/03/2024 12:00:00 AM,2023-2024,29.82,2024,31,08/17/2024 12:00:00 AM,09/16/2024 12:00:00 AM,"Other, Non-Hispanic",2025-08-02
08/10/2024 12:00:00 AM,2023-2024,29.84,2024,32,08/17/2024 12:00:00 AM,09/16/2024 12:00:00 AM,"Other, Non-Hispanic",2025-08-09
08/17/2024 12:00:00 AM,2023-2024,29.86,2024,33,08/17/2024 12:00:00 AM,09/16/2024 12:00:00 AM,"Other, Non-Hispanic",2025-08-16
04/06/2024 12:00:00 AM,2023-2024,26.56,2024,14,08/17/2024 12:00:00 AM,09/16/2024 12:00:00 AM,"Asian, Non-Hispanic",2025-04-05
04/13/2024 12:00:00 AM,2023-2024,26.64,2024,15,08/17/2024 12:00:00 AM,09/16/2024 12:00:00 AM,"Asian, Non-Hispanic",2025-04-12
04/20/2024 12:00:00 AM,2023-2024,26.72,2024,16,08/17/2024 12:00:00 AM,09/16/2024 12:00:00 AM,"Asian, Non-Hispanic",2025-04-19
04/27/2024 12:00:00 AM,2023-2024,26.79,2024,17,08/17/2024 12:00:00 AM,09/16/2024 12:00:00 AM,"Asian, Non-Hispanic",2025-04-26
05/04/2024 12:00:00 AM,2023-2024,26.85,2024,18,08/17/2024 12:00:00 AM,09/16/2024 12:00:00 AM,"Asian, Non-Hispanic",2025-05-03
05/11/2024 12:00:00 AM,2023-2024,26.9,2024,19,08/17/2024 12:00:00 AM,09/16/2024 12:00:00 AM,"Asian, Non-Hispanic",2025-05-10
05/18/2024 12:00:00 AM,2023-2024,26.95,2024,20,08/17/2024 12:00:00 AM,09/16/2024 12:00:00 AM,"Asian, Non-Hispanic",2025-05-17
05/25/2024 12:00:00 AM,2023-2024,27.01,2024,21,08/17/2024 12:00:00 AM,09/16/2024 12:00:00 AM,"Asian, Non-Hispanic",2025-05-24
06/01/2024 12:00:00 AM,2023-2024,27.05,2024,22,08/17/2024 12:00:00 AM,09/16/2024 12:00:00 AM,"Asian, Non-Hispanic",2025-05-31
06/08/2024 12:00:00 AM,2023-2024,27.1,2024,23,08/17/2024 12:00:00 AM,09/16/2024 12:00:00 AM,"Asian, Non-Hispanic",2025-06-07
06/15/2024 12:00:00 AM,2023-2024,27.14,2024,24,08/17/2024 12:00:00 AM,09/16/2024 12:00:00 AM,"Asian, Non-Hispanic",2025-06-14
06/22/2024 12:00:00 AM,2023-2024,27.19,2024,25,08/17/2024 12:00:00 AM,09/16/2024 12:00:00 AM,"Asian, Non-Hispanic",2025-06-21
06/29/2024 12:00:00 AM,2023-2024,27.23,2024,26,08/17/2024 12:00:00 AM,09/16/2024 12:00:00 AM,"Asian, Non-Hispanic",2025-06-28
07/06/2024 12:00:00 AM,2023-2024,27.27,2024,27,08/17/2024 12:00:00 AM,09/16/2024 12:00:00 AM,"Asian, Non-Hispanic",2025-07-05
07/13/2024 12:00:00 AM,2023-2024,27.31,2024,28,08/17/2024 12:00:00 AM,09/16/2024 12:00:00 AM,"Asian, Non-Hispanic",2025-07-12
07/20/2024 12:00:00 AM,2023-2024,27.35,2024,29,08/17/2024 12:00:00 AM,09/16/2024 12:00:00 AM,"Asian, Non-Hispanic",2025-07-19
07/27/2024 12:00:00 AM,2023-2024,27.39,2024,30,08/17/2024 12:00:00 AM,09/16/2024 12:00:00 AM,"Asian, Non-Hispanic",2025-07-26
08/03/2024 12:00:00 AM,2023-2024,27.42,2024,31,08/17/2024 12:00:00 AM,09/16/2024 12:00:00 AM,"Asian, Non-Hispanic",2025-08-02
08/10/2024 12:00:00 AM,2023-2024,27.44,2024,32,08/17/2024 12:00:00 AM,09/16/2024 12:00:00 AM,"Asian, Non-Hispanic",2025-08-09
08/17/2024 12:00:00 AM,2023-2024,27.46,2024,33,08/17/2024 12:00:00 AM,09/16/2024 12:00:00 AM,"Asian, Non-Hispanic",2025-08-16
04/06/2024 12:00:00 AM,2023-2024,11.68,2024,14,08/17/2024 12:00:00 AM,09/16/2024 12:00:00 AM,Hispanic,2025-04-05
04/13/2024 12:00:00 AM,2023-2024,11.73,2024,15,08/17/2024 12:00:00 AM,09/16/2024 12:00:00 AM,Hispanic,2025-04-12
04/20/2024 12:00:00 AM,2023-2024,11.78,2024,16,08/17/2024 12:00:00 AM,09/16/2024 12:00:00 AM,Hispanic,2025-04-19
04/27/2024 12:00:00 AM,2023-2024,11.84,2024,17,08/17/2024 12:00:00 AM,09/16/2024 12:00:00 AM,Hispanic,2025-04-26
05/04/2024 12:00:00 AM,2023-2024,11.89,2024,18,08/17/2024 12:00:00 AM,09/16/2024 12:00:00 AM,Hispanic,2025-05-03
05/11/2024 12:00:00 AM,2023-2024,11.93,2024,19,08/17/2024 12:00:00 AM,09/16/2024 12:00:00 AM,Hispanic,2025-05-10
05/18/2024 12:00:00 AM,2023-2024,11.97,2024,20,08/17/2024 12:00:00 AM,09/16/2024 12:00:00 AM,Hispanic,2025-05-17
05/25/2024 12:00:00 AM,2023-2024,12.01,2024,21,08/17/2024 12:00:00 AM,09/16/2024 12:00:00 AM,Hispanic,2025-05-24
06/01/2024 12:00:00 AM,2023-2024,12.04,2024,22,08/17/2024 12:00:00 AM,09/16/2024 12:00:00 AM,Hispanic,2025-05-31
06/08/2024 12:00:00 AM,2023-2024,12.08,2024,23,08/17/2024 12:00:00 AM,09/16/2024 12:00:00 AM,Hispanic,2025-06-07
06/15/2024 12:00:00 AM,2023-2024,12.11,2024,24,08/17/2024 12:00:00 AM,09/16/2024 12:00:00 AM,Hispanic,2025-06-14
06/22/2024 12:00:00 AM,2023-2024,12.13,2024,25,08/17/2024 12:00:00 AM,09/16/2024 12:00:00 AM,Hispanic,2025-06-21
06/29/2024 12:00:00 AM,2023-2024,12.16,2024,26,08/17/2024 12:00:00 AM,09/16/2024 12:00:00 AM,Hispanic,2025-06-28
07/06/2024 12:00:00 AM,2023-2024,12.18,2024,27,08/17/2024 12:00:00 AM,09/16/2024 12:00:00 AM,Hispanic,2025-07-05
07/13/2024 12:00:00 AM,2023-2024,12.2,2024,28,08/17/2024 12:00:00 AM,09/16/2024 12:00:00 AM,Hispanic,2025-07-12
07/20/2024 12:00:00 AM,2023-2024,12.22,2024,29,08/17/2024 12:00:00 AM,09/16/2024 12:00:00 AM,Hispanic,2025-07-19
07/27/2024 12:00:00 AM,2023-2024,12.25,2024,30,08/17/2024 12:00:00 AM,09/16/2024 12:00:00 AM,Hispanic,2025-07-26
08/03/2024 12:00:00 AM,2023-2024,12.27,2024,31,08/17/2024 12:00:00 AM,09/16/2024 12:00:00 AM,Hispanic,2025-08-02
08/10/2024 12:00:00 AM,2023-2024,12.28,2024,32,08/17/2024 12:00:00 AM,09/16/2024 12:00:00 AM,Hispanic,2025-08-09
08/17/2024 12:00:00 AM,2023-2024,12.29,2024,33,08/17/2024 12:00:00 AM,09/16/2024 12:00:00 AM,Hispanic,2025-08-16
09/07/2024 12:00:00 AM,2024-2025,2.53,2024,36,08/01/2024 12:00:00 AM,,Overall,2024-09-07
09/14/2024 12:00:00 AM,2024-2025,4.79,2024,37,08/01/2024 12:00:00 AM,,Overall,2024-09-14
09/21/2024 12:00:00 AM,2024-2025,7.3,2024,38,08/01/2024 12:00:00 AM,,Overall,2024-09-21
09/28/2024 12:00:00 AM,2024-2025,9.99,2024,39,08/01/2024 12:00:00 AM,,Overall,2024-09-28
09/07/2024 12:00:00 AM,2024-2025,2.6,2024,36,08/01/2024 12:00:00 AM,,"White, Non-Hispanic",2024-09-07
09/14/2024 12:00:00 AM,2024-2025,4.92,2024,37,08/01/2024 12:00:00 AM,,"White, Non-Hispanic",2024-09-14
09/21/2024 12:00:00 AM,2024-2025,7.51,2024,38,08/01/2024 12:00:00 AM,,"White, Non-Hispanic",2024-09-21
09/28/2024 12:00:00 AM,2024-2025,10.3,2024,39,08/01/2024 12:00:00 AM,,"White, Non-Hispanic",2024-09-28
09/07/2024 12:00:00 AM,2024-2025,1.63,2024,36,08/01/2024 12:00:00 AM,,"Black, Non-Hispanic",2024-09-07
09/14/2024 12:00:00 AM,2024-2025,3.37,2024,37,08/01/2024 12:00:00 AM,,"Black, Non-Hispanic",2024-09-14
09/21/2024 12:00:00 AM,2024-2025,5.27,2024,38,08/01/2024 12:00:00 AM,,"Black, Non-Hispanic",2024-09-21
09/28/2024 12:00:00 AM,2024-2025,7.18,2024,39,08/01/2024 12:00:00 AM,,"Black, Non-Hispanic",2024-09-28
09/07/2024 12:00:00 AM,2024-2025,2.49,2024,36,08/01/2024 12:00:00 AM,,"Other, Non-Hispanic",2024-09-07
09/14/2024 12:00:00 AM,2024-2025,4.6,2024,37,08/01/2024 12:00:00 AM,,"Other, Non-Hispanic",2024-09-14
09/21/2024 12:00:00 AM,2024-2025,6.85,2024,38,08/01/2024 12:00:00 AM,,"Other, Non-Hispanic",2024-09-21
09/28/2024 12:00:00 AM,2024-2025,9.27,2024,39,08/01/2024 12:00:00 AM,,"Other, Non-Hispanic",2024-09-28
09/07/2024 12:00:00 AM,2024-2025,2.44,2024,36,08/01/2024 12:00:00 AM,,"Asian, Non-Hispanic",2024-09-07
09/14/2024 12:00:00 AM,2024-2025,4.53,2024,37,08/01/2024 12:00:00 AM,,"Asian, Non-Hispanic",2024-09-14
09/21/2024 12:00:00 AM,2024-2025,6.72,2024,38,08/01/2024 12:00:00 AM,,"Asian, Non-Hispanic",2024-09-21
09/28/2024 12:00:00 AM,2024-2025,9.14,2024,39,08/01/2024 12:00:00 AM,,"Asian, Non-Hispanic",2024-09-28
09/07/2024 12:00:00 AM,2024-2025,0.839,2024,36,08/01/2024 12:00:00 AM,,Hispanic,2024-09-07
09/14/2024 12:00:00 AM,2024-2025,1.64,2024,37,08/01/2024 12:00:00 AM,,Hispanic,2024-09-14
09/21/2024 12:00:00 AM,2024-2025,2.55,2024,38,08/01/2024 12:00:00 AM,,Hispanic,2024-09-21
09/28/2024 12:00:00 AM,2024-2025,3.52,2024,39,08/01/2024 12:00:00 AM,,Hispanic,2024-09-28
10/12/2024 12:00:00 AM,2024-2025,15.25,2024,41,08/01/2024 12:00:00 AM,,Overall,2024-10-12
10/19/2024 12:00:00 AM,2024-2025,12.74,2024,42,08/01/2024 12:00:00 AM,,"Black, Non-Hispanic",2024-10-19
10/19/2024 12:00:00 AM,2024-2025,17.61,2024,42,08/01/2024 12:00:00 AM,,Overall,2024-10-19
10/05/2024 12:00:00 AM,2024-2025,12.72,2024,40,08/01/2024 12:00:00 AM,,Overall,2024-10-05
10/12/2024 12:00:00 AM,2024-2025,11.02,2024,41,08/01/2024 12:00:00 AM,,"Black, Non-Hispanic",2024-10-12
10/26/2024 12:00:00 AM,2024-2025,14.25,2024,43,08/01/2024 12:00:00 AM,,"Black, Non-Hispanic",2024-10-26
10/05/2024 12:00:00 AM,2024-2025,13.12,2024,40,08/01/2024 12:00:00 AM,,"White, Non-Hispanic",2024-10-05
10/05/2024 12:00:00 AM,2024-2025,4.55,2024,40,08/01/2024 12:00:00 AM,,Hispanic,2024-10-05
10/19/2024 12:00:00 AM,2024-2025,18.19,2024,42,08/01/2024 12:00:00 AM,,"White, Non-Hispanic",2024-10-19
10/12/2024 12:00:00 AM,2024-2025,5.49,2024,41,08/01/2024 12:00:00 AM,,Hispanic,2024-10-12
10/12/2024 12:00:00 AM,2024-2025,15.74,2024,41,08/01/2024 12:00:00 AM,,"White, Non-Hispanic",2024-10-12
10/26/2024 12:00:00 AM,2024-2025,19.58,2024,43,08/01/2024 12:00:00 AM,,Overall,2024-10-26
10/05/2024 12:00:00 AM,2024-2025,11.51,2024,40,08/01/2024 12:00:00 AM,,"Asian, Non-Hispanic",2024-10-05
10/19/2024 12:00:00 AM,2024-2025,6.38,2024,42,08/01/2024 12:00:00 AM,,Hispanic,2024-10-19
10/12/2024 12:00:00 AM,2024-2025,13.66,2024,41,08/01/2024 12:00:00 AM,,"Asian, Non-Hispanic",2024-10-12
10/26/2024 12:00:00 AM,2024-2025,17.06,2024,43,08/01/2024 12:00:00 AM,,"Asian, Non-Hispanic",2024-10-26
10/26/2024 12:00:00 AM,2024-2025,7.18,2024,43,08/01/2024 12:00:00 AM,,Hispanic,2024-10-26
10/26/2024 12:00:00 AM,2024-2025,20.24,2024,43,08/01/2024 12:00:00 AM,,"White, Non-Hispanic",2024-10-26
10/19/2024 12:00:00 AM,2024-2025,15.51,2024,42,08/01/2024 12:00:00 AM,,"Asian, Non-Hispanic",2024-10-19
10/05/2024 12:00:00 AM,2024-2025,9.15,2024,40,08/01/2024 12:00:00 AM,,"Black, Non-Hispanic",2024-10-05
10/19/2024 12:00:00 AM,2024-2025,16.1,2024,42,08/01/2024 12:00:00 AM,,"Other, Non-Hispanic",2024-10-19
10/05/2024 12:00:00 AM,2024-2025,11.78,2024,40,08/01/2024 12:00:00 AM,,"Other, Non-Hispanic",2024-10-05
10/12/2024 12:00:00 AM,2024-2025,14.06,2024,41,08/01/2024 12:00:00 AM,,"Other, Non-Hispanic",2024-10-12
10/26/2024 12:00:00 AM,2024-2025,17.79,2024,43,08/01/2024 12:00:00 AM,,"Other, Non-Hispanic",2024-10-26
11/02/2024 12:00:00 AM,2024-2025,15.47,2024,44,08/01/2024 12:00:00 AM,,"Black, Non-Hispanic",2024-11-02
11/02/2024 12:00:00 AM,2024-2025,19.11,2024,44,08/01/2024 12:00:00 AM,,"Other, Non-Hispanic",2024-11-02
11/16/2024 12:00:00 AM,2024-2025,21.16,2024,46,08/01/2024 12:00:00 AM,,"Other, Non-Hispanic",2024-11-16
11/30/2024 12:00:00 AM,2024-2025,22.32,2024,48,08/01/2024 12:00:00 AM,,"Other, Non-Hispanic",2024-11-30
11/09/2024 12:00:00 AM,2024-2025,16.43,2024,45,08/01/2024 12:00:00 AM,,"Black, Non-Hispanic",2024-11-09
11/23/2024 12:00:00 AM,2024-2025,21.94,2024,47,08/01/2024 12:00:00 AM,,"Other, Non-Hispanic",2024-11-23
11/09/2024 12:00:00 AM,2024-2025,20.22,2024,45,08/01/2024 12:00:00 AM,,"Other, Non-Hispanic",2024-11-09
11/23/2024 12:00:00 AM,2024-2025,20.85,2024,47,08/01/2024 12:00:00 AM,,"Asian, Non-Hispanic",2024-11-23
11/16/2024 12:00:00 AM,2024-2025,23.48,2024,46,08/01/2024 12:00:00 AM,,Overall,2024-11-16
11/09/2024 12:00:00 AM,2024-2025,19.3,2024,45,08/01/2024 12:00:00 AM,,"Asian, Non-Hispanic",2024-11-09
11/16/2024 12:00:00 AM,2024-2025,17.34,2024,46,08/01/2024 12:00:00 AM,,"Black, Non-Hispanic",2024-11-16
11/30/2024 12:00:00 AM,2024-2025,18.53,2024,48,08/01/2024 12:00:00 AM,,"Black, Non-Hispanic",2024-11-30
11/02/2024 12:00:00 AM,2024-2025,21.16,2024,44,08/01/2024 12:00:00 AM,,Overall,2024-11-02
11/16/2024 12:00:00 AM,2024-2025,20.16,2024,46,08/01/2024 12:00:00 AM,,"Asian, Non-Hispanic",2024-11-16
11/30/2024 12:00:00 AM,2024-2025,21.21,2024,48,08/01/2024 12:00:00 AM,,"Asian, Non-Hispanic",2024-11-30
11/09/2024 12:00:00 AM,2024-2025,22.4,2024,45,08/01/2024 12:00:00 AM,,Overall,2024-11-09
11/02/2024 12:00:00 AM,2024-2025,18.28,2024,44,08/01/2024 12:00:00 AM,,"Asian, Non-Hispanic",2024-11-02
11/23/2024 12:00:00 AM,2024-2025,24.38,2024,47,08/01/2024 12:00:00 AM,,Overall,2024-11-23
11/23/2024 12:00:00 AM,2024-2025,18.14,2024,47,08/01/2024 12:00:00 AM,,"Black, Non-Hispanic",2024-11-23
11/02/2024 12:00:00 AM,2024-2025,21.88,2024,44,08/01/2024 12:00:00 AM,,"White, Non-Hispanic",2024-11-02
11/30/2024 12:00:00 AM,2024-2025,24.78,2024,48,08/01/2024 12:00:00 AM,,Overall,2024-11-30
11/16/2024 12:00:00 AM,2024-2025,24.27,2024,46,08/01/2024 12:00:00 AM,,"White, Non-Hispanic",2024-11-16
11/09/2024 12:00:00 AM,2024-2025,8.4,2024,45,08/01/2024 12:00:00 AM,,Hispanic,2024-11-09
11/09/2024 12:00:00 AM,2024-2025,23.16,2024,45,08/01/2024 12:00:00 AM,,"White, Non-Hispanic",2024-11-09
11/16/2024 12:00:00 AM,2024-2025,8.92,2024,46,08/01/2024 12:00:00 AM,,Hispanic,2024-11-16
11/23/2024 12:00:00 AM,2024-2025,25.19,2024,47,08/01/2024 12:00:00 AM,,"White, Non-Hispanic",2024-11-23
11/02/2024 12:00:00 AM,2024-2025,7.85,2024,44,08/01/2024 12:00:00 AM,,Hispanic,2024-11-02
11/30/2024 12:00:00 AM,2024-2025,25.6,2024,48,08/01/2024 12:00:00 AM,,"White, Non-Hispanic",2024-11-30
11/23/2024 12:00:00 AM,2024-2025,9.36,2024,47,08/01/2024 12:00:00 AM,,Hispanic,2024-11-23
11/30/2024 12:00:00 AM,2024-2025,9.59,2024,48,08/01/2024 12:00:00 AM,,Hispanic,2024-11-30
