Week Ending,COVID-19_Season,Estimate,MMWR_Year,MMWR_Week,Enrollment Date,As of date,Race and ethnicity,Current_Season_Week_Ending_Label
09/02/2023 12:00:00 AM,2023-2024,7.809e-06,2023,35,08/17/2024 12:00:00 AM,09/16/2024 12:00:00 AM,Overall,2024-08-31
09/09/2023 12:00:00 AM,2023-2024,0.0001,2023,36,08/17/2024 12:00:00 AM,09/16/2024 12:00:00 AM,Overall,2024-09-07
09/16/2023 12:00:00 AM,2023-2024,0.0672,2023,37,08/17/2024 12:00:00 AM,09/16/2024 12:00:00 AM,Overall,2024-09-14
09/23/2023 12:00:00 AM,2023-2024,1.9,2023,38,08/17/2024 12:00:00 AM,09/16/2024 12:00:00 AM,Overall,2024-09-21
09/30/2023 12:00:00 AM,2023-2024,4.8,2023,39,08/17/2024 12:00:00 AM,09/16/2024 12:00:00 AM,Overall,2024-09-28
10/07/2023 12:00:00 AM,2023-2024,8.32,2023,40,08/17/2024 12:00:00 AM,09/16/2024 12:00:00 AM,Overall,2024-10-05
10/14/2023 12:00:00 AM,2023-2024,11.68,2023,41,08/17/2024 12:00:00 AM,09/16/2024 12:00:00 AM,Overall,2024-10-12
10/21/2023 12:00:00 AM,2023-2024,14.74,2023,42,08/17/2024 12:00:00 AM,09/16/2024 12:00:00 AM,Overall,2024-10-19
10/28/2023 12:00:00 AM,2023-2024,17.33,2023,43,08/17/2024 12:00:00 AM,09/16/2024 12:00:00 AM,Overall,2024-10-26
11/04/2023 12:00:00 AM,2023-2024,19.41,2023,44,08/17/2024 12:00:00 AM,09/16/2024 12:00:00 AM,Overall,2024-11-02
11/11/2023 12:00:00 AM,2023-2024,21.15,2023,45,08/17/2024 12:00:00 AM,09/16/2024 12:00:00 AM,Overall,2024-11-09
11/18/2023 12:00:00 AM,2023-2024,22.65,2023,46,08/17/2024 12:00:00 AM,09/16/2024 12:00:00 AM,Overall,2024-11-16
11/25/2023 12:00:00 AM,2023-2024,23.38,2023,47,08/17/2024 12:00:00 AM,09/16/2024 12:00:00 AM,Overall,2024-11-23
09/02/2023 12:00:00 AM,2023-2024,0.0,2023,35,08/17/2024 12:00:00 AM,09/16/2024 12:00:00 AM,Hispanic,2024-08-31
09/09/2023 12:00:00 AM,2023-2024,0.0,2023,36,08/17/2024 12:00:00 AM,09/16/2024 12:00:00 AM,Hispanic,2024-09-07
09/16/2023 12:00:00 AM,2023-2024,0.0205,2023,37,08/17/2024 12:00:00 AM,09/16/2024 12:00:00 AM,Hispanic,2024-09-14
09/23/2023 12:00:00 AM,2023-2024,0.521,2023,38,08/17/2024 12:00:00 AM,09/16/2024 12:00:00 AM,Hispanic,2024-09-21
09/30/2023 12:00:00 AM,2023-2024,1.32,2023,39,08/17/2024 12:00:00 AM,09/16/2024 12:00:00 AM,Hispanic,2024-09-28
10/07/2023 12:00:00 AM,2023-2024,2.33,2023,40,08/17/2024 12:00:00 AM,09/16/2024 12:00:00 AM,Hispanic,2024-10-05
10/14/2023 12:00:00 AM,2023-2024,3.35,2023,41,08/17/2024 12:00:00 AM,09/16/2024 12:00:00 AM,Hispanic,2024-10-12
10/21/2023 12:00:00 AM,2023-2024,4.32,2023,42,08/17/2024 12:00:00 AM,09/16/2024 12:00:00 AM,Hispanic,2024-10-19
10/28/2023 12:00:00 AM,2023-2024,5.21,2023,43,08/17/2024 12:00:00 AM,09/16/2024 12:00:00 AM,Hispanic,2024-10-26
11/04/2023 12:00:00 AM,2023-2024,5.95,2023,44,08/17/2024 12:00:00 AM,09/16/2024 12:00:00 AM,Hispanic,2024-11-02
11/11/2023 12:00:00 AM,2023-2024,6.65,2023,45,08/17/2024 12:00:00 AM,09/16/2024 12:00:00 AM,Hispanic,2024-11-09
11/18/2023 12:00:00 AM,2023-2024,7.29,2023,46,08/17/2024 12:00:00 AM,09/16/2024 12:00:00 AM,Hispanic,2024-11-16
11/25/2023 12:00:00 AM,2023-2024,7.68,2023,47,08/17/2024 12:00:00 AM,09/16/2024 12:00:00 AM,Hispanic,2024-11-23
12/02/2023 12:00:00 AM,2023-2024,24.42,2023,48,08/17/2024 12:00:00 AM,09/16/2024 12:00:00 AM,Overall,2024-11-30
12/09/2023 12:00:00 AM,2023-2024,25.29,2023,49,08/17/2024 12:00:00 AM,09/16/2024 12:00:00 AM,Overall,2024-12-07
12/16/2023 12:00:00 AM,2023-2024,26.02,2023,50,08/17/2024 12:00:00 AM,09/16/2024 12:00:00 AM,Overall,2024-12-14
12/23/2023 12:00:00 AM,2023-2024,26.61,2023,51,08/17/2024 12:00:00 AM,09/16/2024 12:00:00 AM,Overall,2024-12-21
12/30/2023 12:00:00 AM,2023-2024,26.99,2023,52,08/17/2024 12:00:00 AM,09/16/2024 12:00:00 AM,Overall,2024-12-28
12/02/2023 12:00:00 AM,2023-2024,8.21,2023,48,08/17/2024 12:00:00 AM,09/16/2024 12:00:00 AM,Hispanic,2024-11-30
12/09/2023 12:00:00 AM,2023-2024,8.68,2023,49,08/17/2024 12:00:00 AM,09/16/2024 12:00:00 AM,Hispanic,2024-12-07
12/16/2023 12:00:00 AM,2023-2024,9.07,2023,50,08/17/2024 12:00:00 AM,09/16/2024 12:00:00 AM,Hispanic,2024-12-14
12/23/2023 12:00:00 AM,2023-2024,9.45,2023,51,08/17/2024 12:00:00 AM,09/16/2024 12:00:00 AM,Hispanic,2024-12-21
12/30/2023 12:00:00 AM,2023-2024,9.69,2023,52,08/17/2024 12:00:00 AM,09/16/2024 12:00:00 AM,Hispanic,2024-12-28
01/06/2024 12:00:00 AM,2023-2024,27.46,2024,1,08/17/2024 12:00:00 AM,09/16/2024 12:00:00 AM,Overall,2025-01-04
01/13/2024 12:00:00 AM,2023-2024,27.88,2024,2,08/17/2024 12:00:00 AM,09/16/2024 12:00:00 AM,Overall,2025-01-11
01/20/2024 12:00:00 AM,2023-2024,28.16,2024,3,08/17/2024 12:00:00 AM,09/16/2024 12:00:00 AM,Overall,2025-01-18
01/27/2024 12:00:00 AM,2023-2024,28.41,2024,4,08/17/2024 12:00:00 AM,09/16/2024 12:00:00 AM,Overall,2025-01-25
01/06/2024 12:00:00 AM,2023-2024,9.98,2024,1,08/17/2024 12:00:00 AM,09/16/2024 12:00:00 AM,Hispanic,2025-01-04
01/13/2024 12:00:00 AM,2023-2024,10.24,2024,2,08/17/2024 12:00:00 AM,09/16/2024 12:00:00 AM,Hispanic,2025-01-11
01/20/2024 12:00:00 AM,2023-2024,10.45,2024,3,08/17/2024 12:00:00 AM,09/16/2024 12:00:00 AM,Hispanic,2025-01-18
01/27/2024 12:00:00 AM,2023-2024,10.65,2024,4,08/17/2024 12:00:00 AM,09/16/2024 12:00:00 AM,Hispanic,2025-01-25
02/03/2024 12:00:00 AM,2023-2024,28.62,2024,5,08/17/2024 12:00:00 AM,09/16/2024 12:00:00 AM,Overall,2025-02-01
02/10/2024 12:00:00 AM,2023-2024,28.78,2024,6,08/17/2024 12:00:00 AM,09/16/2024 12:00:00 AM,Overall,2025-02-08
02/17/2024 12:00:00 AM,2023-2024,28.91,2024,7,08/17/2024 12:00:00 AM,09/16/2024 12:00:00 AM,Overall,2025-02-15
02/24/2024 12:00:00 AM,2023-2024,29.0,2024,8,08/17/2024 12:00:00 AM,09/16/2024 12:00:00 AM,Overall,2025-02-22
02/03/2024 12:00:00 AM,2023-2024,10.84,2024,5,08/17/2024 12:00:00 AM,09/16/2024 12:00:00 AM,Hispanic,2025-02-01
02/10/2024 12:00:00 AM,2023-2024,11.0,2024,6,08/17/2024 12:00:00 AM,09/16/2024 12:00:00 AM,Hispanic,2025-02-08
02/17/2024 12:00:00 AM,2023-2024,11.12,2024,7,08/17/2024 12:00:00 AM,09/16/2024 12:00:00 AM,Hispanic,2025-02-15
02/24/2024 12:00:00 AM,2023-2024,11.22,2024,8,08/17/2024 12:00:00 AM,09/16/2024 12:00:00 AM,Hispanic,2025-02-22
03/02/2024 12:00:00 AM,2023-2024,29.09,2024,9,08/17/2024 12:00:00 AM,09/16/2024 12:00:00 AM,Overall,2025-03-01
03/09/2024 12:00:00 AM,2023-2024,29.18,2024,10,08/17/2024 12:00:00 AM,09/16/2024 12:00:00 AM,Overall,2025-03-08
03/16/2024 12:00:00 AM,2023-2024,29.27,2024,11,08/17/2024 12:00:00 AM,09/16/2024 12:00:00 AM,Overall,2025-03-15
03/23/2024 12:00:00 AM,2023-2024,29.36,2024,12,08/17/2024 12:00:00 AM,09/16/2024 12:00:00 AM,Overall,2025-03-22
03/30/2024 12:00:00 AM,2023-2024,29.44,2024,13,08/17/2024 12:00:00 AM,09/16/2024 12:00:00 AM,Overall,2025-03-29
03/02/2024 12:00:00 AM,2023-2024,11.31,2024,9,08/17/2024 12:00:00 AM,09/16/2024 12:00:00 AM,Hispanic,2025-03-01
03/09/2024 12:00:00 AM,2023-2024,11.38,2024,10,08/17/2024 12:00:00 AM,09/16/2024 12:00:00 AM,Hispanic,2025-03-08
03/16/2024 12:00:00 AM,2023-2024,11.47,2024,11,08/17/2024 12:00:00 AM,09/16/2024 12:00:00 AM,Hispanic,2025-03-15
03/23/2024 12:00:00 AM,2023-2024,11.55,2024,12,08/17/2024 12:00:00 AM,09/16/2024 12:00:00 AM,Hispanic,2025-03-22
03/30/2024 12:00:00 AM,2023-2024,11.62,2024,13,08/17/2024 12:00:00 AM,09/16/2024 12:00:00 AM,Hispanic,2025-03-29
04/06/2024 12:00:00 AM,2023-2024,29.51,2024,14,08/17/2024 12:00:00 AM,09/16/2024 12:00:00 AM,Overall,2025-04-05
04/13/2024 12:00:00 AM,2023-2024,29.58,2024,15,08/17/2024 12:00:00 AM,09/16/2024 12:00:00 AM,Overall,2025-04-12
04/20/2024 12:00:00 AM,2023-2024,29.64,2024,16,08/17/2024 12:00:00 AM,09/16/2024 12:00:00 AM,Overall,2025-04-19
04/27/2024 12:00:00 AM,2023-2024,29.7,2024,17,08/17/2024 12:00:00 AM,09/16/2024 12:00:00 AM,Overall,2025-04-26
05/04/2024 12:00:00 AM,2023-2024,29.75,2024,18,08/17/2024 12:00:00 AM,09/16/2024 12:00:00 AM,Overall,2025-05-03
05/11/2024 12:00:00 AM,2023-2024,29.8,2024,19,08/17/2024 12:00:00 AM,09/16/2024 12:00:00 AM,Overall,2025-05-10
05/18/2024 12:00:00 AM,2023-2024,29.84,2024,20,08/17/2024 12:00:00 AM,09/16/2024 12:00:00 AM,Overall,2025-05-17
05/25/2024 12:00:00 AM,2023-2024,29.88,2024,21,08/17/2024 12:00:00 AM,09/16/2024 12:00:00 AM,Overall,2025-05-24
06/01/2024 12:00:00 AM,2023-2024,29.91,2024,22,08/17/2024 12:00:00 AM,09/16/2024 12:00:00 AM,Overall,2025-05-31
06/08/2024 12:00:00 AM,2023-2024,29.95,2024,23,08/17/2024 12:00:00 AM,09/16/2024 12:00:00 AM,Overall,2025-06-07
06/15/2024 12:00:00 AM,2023-2024,29.98,2024,24,08/17/2024 12:00:00 AM,09/16/2024 12:00:00 AM,Overall,2025-06-14
06/22/2024 12:00:00 AM,2023-2024,30.0,2024,25,08/17/2024 12:00:00 AM,09/16/2024 12:00:00 AM,Overall,2025-06-21
06/29/2024 12:00:00 AM,2023-2024,30.03,2024,26,08/17/2024 12:00:00 AM,09/16/2024 12:00:00 AM,Overall,2025-06-28
07/06/2024 12:00:00 AM,2023-2024,30.05,2024,27,08/17/2024 12:00:00 AM,09/16/2024 12:00:00 AM,Overall,2025-07-05
07/13/2024 12:00:00 AM,2023-2024,30.08,2024,28,08/17/2024 12:00:00 AM,09/16/2024 12:00:00 AM,Overall,2025-07-12
07/20/2024 12:00:00 AM,2023-2024,30.11,2024,29,08/17/2024 12:00:00 AM,09/16/2024 12:00:00 AM,Overall,2025-07-19
07/27/2024 12:00:00 AM,2023-2024,30.13,2024,30,08/17/2024 12:00:00 AM,09/16/2024 12:00:00 AM,Overall,2025-07-26
08/03/2024 12:00:00 AM,2023-2024,30.15,2024,31,08/17/2024 12:00:00 AM,09/16/2024 12:00:00 AM,Overall,2025-08-02
08/10/2024 12:00:00 AM,2023-2024,30.16,2024,32,08/17/2024 12:00:00 AM,09/16/2024 12:00:00 AM,Overall,2025-08-09
08/17/2024 12:00:00 AM,2023-2024,30.18,2024,33,08/17/2024 12:00:00 AM,09/16/2024 12:00:00 AM,Overall,2025-08-16
04/06/2024 12:00:00 AM,2023-2024,11.68,2024,14,08/17/2024 12:00:00 AM,09/16/2024 12:00:00 AM,Hispanic,2025-04-05
04/13/2024 12:00:00 AM,2023-2024,11.73,2024,15,08/17/2024 12:00:00 AM,09/16/2024 12:00:00 AM,Hispanic,2025-04-12
04/20/2024 12:00:00 AM,2023-2024,11.78,2024,16,08/17/2024 12:00:00 AM,09/16/2024 12:00:00 AM,Hispanic,2025-04-19
04/27/2024 12:00:00 AM,2023-2024,11.84,2024,17,08/17/2024 12:00:00 AM,09/16/2024 12:00:00 AM,Hispanic,2025-04-26
05/04/2024 12:00:00 AM,2023-2024,11.89,2024,18,08/17/2024 12:00:00 AM,09/16/2024 12:00:00 AM,Hispanic,2025-05-03
05/11/2024 12:00:00 AM,2023-2024,11.93,2024,19,08/17/2024 12:00:00 AM,09/16/2024 12:00:00 AM,Hispanic,2025-05-10
05/18/2024 12:00:00 AM,2023-2024,11.97,2024,20,08/17/2024 12:00:00 AM,09/16/2024 12:00:00 AM,Hispanic,2025-05-17
05/25/2024 12:00:00 AM,2023-2024,12.01,2024,21,08/17/2024 12:00:00 AM,09/16/2024 12:00:00 AM,Hispanic,2025-05-24
06/01/2024 12:00:00 AM,2023-2024,12.04,2024,22,08/17/2024 12:00:00 AM,09/16/2024 12:00:00 AM,Hispanic,2025-05-31
06/08/2024 12:00:00 AM,2023-2024,12.08,2024,23,08/17/2024 12:00:00 AM,09/16/2024 12:00:00 AM,Hispanic,2025-06-07
06/15/2024 12:00:00 AM,2023-2024,12.11,2024,24,08/17/2024 12:00:00 AM,09/16/2024 12:00:00 AM,Hispanic,2025-06-14
06/22/2024 12:00:00 AM,2023-2024,12.13,2024,25,08/17/2024 12:00:00 AM,09/16/2024 12:00:00 AM,Hispanic,2025-06-21
06/29/2024 12:00:00 AM,2023-2024,12.16,2024,26,08/17/2024 12:00:00 AM,09/16/2024 12:00:00 AM,Hispanic,2025-06-28
07/06/2024 12:00:00 AM,2023-2024,12.18,2024,27,08/17/2024 12:00:00 AM,09/16/2024 12:00:00 AM,Hispanic,2025-07-05
07/13/2024 12:00:00 AM,2023-2024,12.2,2024,28,08/17/2024 12:00:00 AM,09/16/2024 12:00:00 AM,Hispanic,2025-07-12
07/20/2024 12:00:00 AM,2023-2024,12.22,2024,29,08/17/2024 12:00:00 AM,09/16/2024 12:00:00 AM,Hispanic,2025-07-19
07/27/2024 12:00:00 AM,2023-2024,12.25,2024,30,08/17/2024 12:00:00 AM,09/16/2024 12:00:00 AM,Hispanic,2025-07-26
08/03/2024 12:00:00 AM,2023-2024,12.27,2024,31,08/17/2024 12:00:00 AM,09/16/2024 12:00:00 AM,Hispanic,2025-08-02
08/10/2024 12:00:00 AM,2023-2024,12.28,2024,32,08/17/2024 12:00:00 AM,09/16/2024 12:00:00 AM,Hispanic,2025-08-09
08/17/2024 12:00:00 AM,2023-2024,12.29,2024,33,08/17/2024 12:00:00 AM,09/16/2024 12:00:00 AM,Hispanic,2025-08-16
09/07/2024 12:00:00 AM,2024-2025,2.53,2024,36,08/01/2024 12:00:00 AM,,Overall,2024-09-07
09/14/2024 12:00:00 AM,2024-2025,4.79,2024,37,08/01/2024 12:00:00 AM,,Overall,2024-09-14
09/21/2024 12:00:00 AM,2024-2025,7.3,2024,38,08/01/2024 12:00:00 AM,,Overall,2024-09-21
09/28/2024 12:00:00 AM,2024-2025,9.99,2024,39,08/01/2024 12:00:00 AM,,Overall,2024-09-28
09/07/2024 12:00:00 AM,2024-2025,0.839,2024,36,08/01/2024 12:00:00 AM,,Hispanic,2024-09-07
09/14/2024 12:00:00 AM,2024-2025,1.64,2024,37,08/01/2024 12:00:00 AM,,Hispanic,2024-09-14
09/21/2024 12:00:00 AM,2024-2025,2.55,2024,38,08/01/2024 12:00:00 AM,,Hispanic,2024-09-21
09/28/2024 12:00:00 AM,2024-2025,3.52,2024,39,08/01/2024 12:00:00 AM,,Hispanic,2024-09-28
10/12/2024 12:00:00 AM,2024-2025,15.25,2024,41,08/01/2024 12:00:00 AM,,Overall,2024-10-12
10/19/2024 12:00:00 AM,2024-2025,17.61,2024,42,08/01/2024 12:00:00 AM,,Overall,2024-10-19
10/05/2024 12:00:00 AM,2024-2025,12.72,2024,40,08/01/2024 12:00:00 AM,,Overall,2024-10-05
10/05/2024 12:00:00 AM,2024-2025,4.55,2024,40,08/01/2024 12:00:00 AM,,Hispanic,2024-10-05
10/12/2024 12:00:00 AM,2024-2025,5.49,2024,41,08/01/2024 12:00:00 AM,,Hispanic,2024-10-12
10/26/2024 12:00:00 AM,2024-2025,19.58,2024,43,08/01/2024 12:00:00 AM,,Overall,2024-10-26
10/19/2024 12:00:00 AM,2024-2025,6.38,2024,42,08/01/2024 12:00:00 AM,,Hispanic,2024-10-19
10/26/2024 12:00:00 AM,2024-2025,7.18,2024,43,08/01/2024 12:00:00 AM,,Hispanic,2024-10-26
11/16/2024 12:00:00 AM,2024-2025,23.48,2024,46,08/01/2024 12:00:00 AM,,Overall,2024-11-16
11/02/2024 12:00:00 AM,2024-2025,21.16,2024,44,08/01/2024 12:00:00 AM,,Overall,2024-11-02
11/09/2024 12:00:00 AM,2024-2025,22.4,2024,45,08/01/2024 12:00:00 AM,,Overall,2024-11-09
11/23/2024 12:00:00 AM,2024-2025,24.38,2024,47,08/01/2024 12:00:00 AM,,Overall,2024-11-23
11/30/2024 12:00:00 AM,2024-2025,24.78,2024,48,08/01/2024 12:00:00 AM,,Overall,2024-11-30
11/09/2024 12:00:00 AM,2024-2025,8.4,2024,45,08/01/2024 12:00:00 AM,,Hispanic,2024-11-09
11/16/2024 12:00:00 AM,2024-2025,8.92,2024,46,08/01/2024 12:00:00 AM,,Hispanic,2024-11-16
11/02/2024 12:00:00 AM,2024-2025,7.85,2024,44,08/01/2024 12:00:00 AM,,Hispanic,2024-11-02
11/23/2024 12:00:00 AM,2024-2025,9.36,2024,47,08/01/2024 12:00:00 AM,,Hispanic,2024-11-23
11/30/2024 12:00:00 AM,2024-2025,9.59,2024,48,08/01/2024 12:00:00 AM,,Hispanic,2024-11-30
