"""""""""""""""""""""""""""""""""""""""""""""""""""""""""""""""*Beginning for the 2015-16 season""""""""""""""""""""""""""""""", reports from public health and clinical laboratories are presented separately in the weekly influenza update, FluView.  Data presented from public health laboratories include the weekly total number of specimens tested, the number of positive influenza tests, and the number by influenza virus type, subtype,""""""""""""""""""""""""""""""" and influenza B lineage."""""""""""""""""""""""""""""""""""""""""""""""""""""""""""""""
A (H3),A (Subtyping not Performed),B,BVic,BYam,H3N2v,A (H5)
16,1,2,2,2,0,0
98,0,231,1,2,0,0
580,0,13,58,399,0,0
8,0,1,12,0,0,0
854,35,775,309,803,0,0
243,3,13,40,144,0,0
52,0,185,0,0,0,0
20,12,8,78,69,0,0
3,0,7,0,3,0,0
184,25,300,1,3,0,0
32,40,19,38,41,0,0
223,35,28,80,187,0,0
57,3,0,28,283,0,0
39,2,1,21,37,0,0
75,3,15,31,19,0,0
46,7,0,26,78,0,0
16,4,2,6,20,0,0
17,0,74,5,2,0,0
90,3,100,0,0,0,0
24,3,69,0,0,0,0
51,8,0,175,222,0,0
8,0,6,25,9,0,0
68,0,6,21,31,12,0
61,60,2,13,110,0,0
8,0,0,13,9,0,0
11,0,0,11,8,0,0
23,0,31,0,0,0,0
12,4,12,1,4,0,0
29,2,26,30,60,0,0
15,3,0,58,17,0,0
92,2,105,9,8,0,0
159,8,103,44,62,0,0
96,30,32,167,91,0,0
28,1,5,26,22,0,0
12,0,0,11,35,0,0
50,3,9,45,42,6,0
10,0,8,3,11,0,0
30,3,183,0,4,0,0
53,16,10,63,115,0,0
19,0,1,5,31,0,0
107,1,1,17,7,0,0
27,3,6,47,41,0,0
9,0,71,0,0,0,0
165,13,87,53,83,0,0
79,1,20,31,345,0,0
48,0,31,0,1,0,0
15,0,78,4,5,0,0
126,7,93,52,128,0,0
11,8,96,0,5,0,0
41,28,1,68,74,0,0
27,1,2,1,42,0,0
X,X,X,X,X,X,X
185,4,31,53,142,0,0
X,X,X,X,X,X,X
X,X,X,X,X,X,X
227,1,2,15,14,0,0
905,3,252,2,11,0,0
1630,0,5,227,578,0,0
51,0,0,4,0,0,0
4696,120,116,28,152,0,0
267,2,4,31,219,0,0
968,0,0,62,263,0,0
659,4,11,27,127,1,0
34,0,3,0,4,0,0
781,16,283,6,5,0,0
1058,8,34,333,167,0,0
889,14,7,89,189,0,0
983,3,1,16,26,0,0
479,0,3,325,80,0,0
694,0,2,112,122,0,0
822,9,7,79,150,0,0
122,13,15,2,10,0,0
250,0,57,3,9,0,0
602,2,33,37,155,0,0
268,2,137,8,53,0,0
2068,0,16,94,557,39,0
312,0,1,0,4,0,0
541,0,29,57,145,1,0
1513,25,2,75,808,0,0
143,0,1,15,20,0,0
141,2,0,6,9,0,0
314,2,4,0,37,0,0
111,2,8,9,12,0,0
270,0,5,2,43,0,0
218,1,1,4,46,0,0
285,1,74,2,3,0,0
481,1,2,6,58,0,0
857,17,56,39,164,0,0
285,3,8,28,60,0,0
351,1,10,37,278,1,0
832,8,31,64,173,15,0
220,0,18,3,62,0,0
246,1,53,0,0,0,0
533,9,8,49,50,1,0
143,0,0,3,66,0,0
263,2,22,55,36,0,0
479,16,16,64,206,0,0
350,29,135,3,9,0,0
397,5,51,35,115,0,0
863,0,7,45,128,0,0
233,0,51,0,2,0,0
677,1,31,26,138,0,0
534,7,19,9,53,0,0
360,0,127,0,1,0,0
1011,11,6,86,261,0,0
273,3,12,1,29,0,0
X,X,X,X,X,X,X
411,0,19,52,24,0,0
X,X,X,X,X,X,X
X,X,X,X,X,X,X
204,4,7,4,66,0,0
651,1,347,1,5,0,0
2055,0,8,197,720,0,0
101,0,19,0,43,0,0
4664,194,702,282,1289,0,0
501,4,19,2,162,0,0
887,0,1,47,423,0,0
382,6,24,100,206,0,0
193,0,0,5,80,0,0
1157,30,363,9,81,0,0
582,2,38,6,254,0,0
1072,19,8,42,500,0,0
477,4,6,9,435,0,0
722,1,22,1,398,0,0
562,0,11,14,233,1,0
980,8,2,2,480,1,0
54,1,21,2,15,0,0
377,2,14,13,297,0,0
304,3,48,3,124,0,0
316,3,0,33,115,0,0
1911,5,10,139,760,0,0
156,0,2,0,2,0,0
588,3,58,7,174,0,0
2828,73,2,52,577,0,0
127,0,2,0,75,0,0
205,0,0,7,104,0,0
294,7,6,30,122,0,0
108,1,9,1,18,1,0
314,0,4,1,222,0,0
176,4,1,8,70,0,0
294,1,180,20,31,0,0
447,2,28,0,280,0,0
1422,18,153,17,384,0,0
157,1,10,25,68,0,0
619,5,8,32,214,0,0
922,9,127,5,199,0,0
213,1,53,4,60,0,0
185,1,389,0,4,0,0
493,5,5,40,227,0,0
136,0,0,1,38,0,0
203,0,15,2,60,0,0
514,4,12,24,190,0,0
212,61,157,0,3,0,0
263,2,162,2,78,0,0
620,1,15,71,249,0,0
156,0,58,0,0,0,0
533,0,72,34,226,0,0
231,6,73,4,132,0,0
276,0,12,37,134,0,0
1057,9,0,12,374,0,0
142,1,16,2,107,0,0
X,X,X,X,X,X,X
432,0,4,9,142,0,0
X,X,X,X,X,X,X
X,X,X,X,X,X,X
162,3,1,20,0,0,0
912,48,98,0,0,0,0
628,3,0,30,22,0,0
69,0,0,2,0,0,0
1306,227,36,33,37,0,0
541,29,5,16,3,0,0
300,0,1,4,26,0,0
411,21,4,8,5,0,0
128,0,1,19,7,0,0
627,15,5,93,43,0,0
512,14,2,13,3,0,0
358,20,2,205,25,0,0
492,2,1,8,10,0,0
164,1,0,4,10,0,0
285,2,0,11,7,0,0
420,20,1,27,10,0,0
156,4,0,0,0,0,0
246,0,0,2,2,0,0
317,6,45,101,0,0,0
51,2,0,74,4,0,0
1453,11,1,99,41,0,0
166,11,3,0,0,0,0
359,7,13,39,24,0,0
348,60,0,15,20,0,0
292,0,0,2,2,0,0
29,0,1,6,1,0,0
239,7,6,64,8,0,0
82,8,0,6,3,0,0
105,2,0,1,1,0,0
84,3,0,12,21,0,0
251,1,1,3,0,0,0
306,9,0,9,7,0,0
987,60,14,32,10,0,0
122,11,0,3,4,0,0
205,5,2,50,7,0,0
968,6,12,7,9,0,0
158,0,0,6,2,0,0
245,0,0,0,0,0,0
358,36,52,2,1,0,0
35,3,1,4,1,0,0
222,0,0,8,0,0,0
372,21,9,18,3,0,0
198,8,0,1,0,0,0
439,14,44,44,12,0,0
405,15,2,9,1,0,0
139,7,0,4,1,0,0
495,8,2,18,18,0,0
249,14,6,6,4,0,0
234,0,0,3,15,0,0
416,47,1,26,28,0,0
79,1,4,3,4,0,0
X,X,X,X,X,X,X
405,0,10,0,2,0,0
X,X,X,X,X,X,X
X,X,X,X,X,X,X
6,0,5,123,0,0,0
25,6,375,0,0,0,0
33,0,38,560,8,0,0
1,4,54,45,0,0,0
272,182,475,1742,36,0,0
53,10,145,187,0,0,0
69,0,2,410,15,0,0
26,14,44,359,2,0,0
18,0,0,120,2,0,0
84,33,53,525,14,0,0
12,3,54,286,5,0,0
64,19,3,441,1,1,0
79,2,49,913,12,0,0
22,60,173,268,0,0,0
5,2,28,250,5,0,0
61,21,10,629,4,0,0
0,2,21,7,0,0,0
2,0,8,88,3,0,0
43,4,5,293,0,0,0
30,1,3,229,4,0,0
143,6,18,1364,20,0,0
30,1,20,5,0,0,0
31,6,95,301,0,0,0
28,73,13,502,27,0,0
19,0,1,171,0,0,0
2,0,45,32,0,0,0
44,2,6,307,0,0,0
4,0,14,27,2,0,0
34,3,158,135,0,0,0
14,3,1,61,1,0,0
42,3,44,6,0,0,0
10,6,27,325,1,0,0
99,9,214,231,23,0,0
19,1,36,162,7,0,0
20,3,60,384,2,0,0
16,5,266,393,0,0,0
3,4,104,57,0,0,0
6,0,313,60,1,0,0
47,8,307,34,1,0,0
16,3,5,30,0,0,0
18,4,97,280,6,0,0
6,13,53,481,3,0,0
5,1,0,116,1,0,0
24,12,238,189,0,0,0
22,3,25,278,6,0,0
26,1,0,29,0,0,0
28,6,160,458,11,0,0
37,35,182,207,3,0,0
1,4,1,172,0,0,0
93,138,7,610,10,0,0
1,2,4,25,0,0,0
X,X,X,X,X,X,X
52,0,59,65,6,0,0
X,X,X,X,X,X,X
X,X,X,X,X,X,X
0,1,5,0,0,0,0
2,2,2,0,0,0,0
1,0,0,1,0,0,0
0,0,0,0,0,0,0
3,10,6,1,3,0,0
1,0,0,0,0,0,0
0,0,0,1,0,0,0
1,0,0,0,0,0,0
0,0,0,0,0,0,0
2,12,1,2,2,0,0
0,2,0,0,0,0,0
0,0,0,0,0,0,0
0,0,0,0,0,0,0
0,0,0,0,0,0,0
0,0,0,0,0,0,0
0,3,0,0,0,1,0
0,0,0,0,0,0,0
0,0,0,0,0,0,0
1,0,0,0,0,0,0
0,0,1,0,0,0,0
60,0,0,0,0,0,0
0,0,0,0,0,0,0
7,0,5,0,0,0,0
2,4,3,0,1,0,0
0,0,0,0,0,0,0
0,0,0,0,0,0,0
0,0,0,0,0,0,0
5,5,8,0,0,0,0
0,16,14,0,0,0,0
0,0,0,1,0,0,0
0,0,0,0,0,0,0
5,0,0,6,2,0,0
2,1,7,0,0,0,0
1,8,1,1,1,0,0
2,0,0,1,0,0,0
1,5,3,0,0,0,0
0,1,0,0,0,0,0
0,0,1,1,1,0,0
1,0,1,1,0,0,0
0,0,0,0,0,0,0
0,0,0,0,0,0,0
0,0,1,0,0,0,0
0,0,1,0,0,0,0
3,3,1,5,0,0,0
1,0,0,2,0,0,0
0,0,0,0,0,0,0
0,1,0,0,0,0,0
0,2,0,0,0,0,0
0,0,0,0,0,0,0
2,3,2,0,0,1,0
0,59,19,2,0,0,0
X,X,X,X,X,X,X
0,0,0,0,0,0,0
X,X,X,X,X,X,X
X,X,X,X,X,X,X
223,32,4,0,0,0,0
211,28,5,8,0,0,0
737,6,1,4,0,0,0
186,332,5,0,0,0,0
1204,229,35,2,0,0,0
713,19,0,1,0,0,0
390,6,0,0,0,0,0
522,84,1,1,1,0,0
58,1,1,0,0,0,0
1415,76,0,0,0,0,0
899,132,1,4,0,0,0
248,11,0,4,0,0,0
275,62,1,0,0,0,0
373,475,1,0,0,0,0
101,3,0,0,0,0,0
158,1,0,0,0,0,0
254,312,2,0,0,0,0
169,0,0,0,0,0,0
52,5,0,0,0,0,0
168,2,0,0,0,0,0
366,2,0,2,0,0,0
155,3,0,0,0,0,0
568,3,2,0,0,1,0
488,22,0,1,0,0,0
35,0,0,0,0,0,0
127,34,1,0,0,0,0
307,1,0,0,0,0,0
212,574,2,1,0,0,0
365,458,7,0,0,0,0
76,2,0,0,0,0,0
227,16,2,0,0,0,0
958,8,2,0,0,0,0
221,389,5,0,0,0,0
43,2,0,3,0,0,0
230,6,0,0,0,0,0
1064,21,3,4,0,1,0
41,5,0,0,0,0,0
203,5,1,0,0,0,0
982,158,22,0,0,0,0
486,242,0,8,0,0,0
36,98,0,0,0,0,0
1102,225,3,0,0,0,0
148,2,0,0,0,0,0
698,184,7,3,0,0,0
712,0,0,0,0,0,0
78,2,0,0,0,0,0
91,6,0,0,0,0,0
388,45,1,0,0,0,0
232,0,0,0,0,3,0
603,110,4,1,0,0,0
873,898,11,0,0,0,0
X,X,X,X,X,X,X
199,0,0,0,0,0,0
X,X,X,X,X,X,X
X,X,X,X,X,X,X
17,3,0,0,0,0,0
436,203,3,10,0,0,0
513,12,6,136,0,0,0
30,97,4,2,0,0,0
2593,253,26,56,0,0,0
448,10,0,101,0,0,0
486,25,2,4,0,0,0
109,23,0,11,0,0,0
292,17,1,19,0,0,0
808,16,2,132,0,0,0
1034,206,3,155,0,0,0
270,16,14,44,0,0,0
1032,57,2,5,0,0,0
384,337,1,3,0,0,0
24,3,0,4,0,0,0
212,9,4,115,0,0,0
71,65,2,4,0,0,0
41,0,0,2,0,0,0
13,1,5,5,0,0,0
2,0,1,1,0,0,0
116,9,0,2,0,0,0
327,2,2,1,0,0,0
495,7,6,68,0,1,0
880,56,1,24,0,0,0
40,0,0,6,0,0,0
222,20,0,4,0,0,0
185,6,0,7,0,0,0
82,196,7,6,0,0,0
120,259,5,7,0,0,0
29,6,1,4,0,0,0
109,9,15,1,0,0,0
654,60,3,27,0,1,0
442,461,44,9,0,0,0
250,8,0,10,0,0,0
174,1,0,1,0,0,0
381,4,0,26,0,0,0
32,1,0,2,0,0,0
881,36,1,1,0,0,0
352,43,0,35,0,0,0
171,1383,2,33,0,0,0
97,60,1,2,0,0,0
98,15,1,12,0,0,0
123,13,1,4,0,0,0
263,11,56,8,0,0,0
321,0,0,35,0,0,0
82,2,0,0,0,0,0
118,16,0,1,0,0,0
596,155,4,30,0,0,0
253,11,0,15,0,0,0
567,42,4,15,0,0,0
123,188,11,4,0,0,0
X,X,X,X,X,X,X
262,19,0,48,0,0,0
X,X,X,X,X,X,X
X,X,X,X,X,X,X
9,2,0,13,0,0,0
0,2,1,0,0,0,0
159,11,5,220,0,0,0
193,205,6,36,0,0,0
1056,162,109,339,0,0,0
412,19,14,303,0,1,11
438,94,5,190,0,0,0
197,72,20,172,0,0,0
341,44,5,202,0,0,0
480,22,12,365,0,0,0
373,230,24,480,0,0,0
506,22,5,178,0,0,0
65,10,2,185,0,0,0
95,151,41,88,0,0,0
65,4,1,50,0,0,0
196,16,5,245,0,0,0
12,8,3,15,0,0,0
208,0,1,175,0,0,0
21,13,18,146,0,0,0
101,3,1,121,0,0,0
626,67,12,509,0,0,0
228,5,5,1,0,0,0
269,8,13,222,0,0,1
450,387,26,531,0,2,0
25,7,4,15,0,0,0
127,26,3,40,0,0,1
140,1,1,148,0,0,0
21,23,22,95,0,0,0
160,1539,525,137,0,0,0
144,172,16,41,0,0,0
72,15,38,4,0,0,0
162,17,4,260,0,0,0
256,290,45,92,0,0,0
32,5,0,30,0,0,0
79,12,7,188,0,0,0
342,3,4,174,0,0,0
9,2,0,6,0,0,0
110,20,2,132,0,0,0
191,52,10,164,0,0,0
47,247,31,80,0,0,0
30,23,17,246,0,0,0
156,29,12,259,0,0,0
74,5,4,65,0,0,0
167,13,9,296,0,0,0
153,0,1,220,0,0,0
116,13,1,43,0,0,0
80,7,1,47,0,0,0
103,50,14,56,0,0,0
206,12,13,224,0,0,0
310,68,11,183,0,0,0
8,45,21,23,0,0,0
X,X,X,X,X,X,X
48,4,0,53,0,0,0
X,X,X,X,X,X,X
X,X,X,X,X,X,X
170,22,4,0,0,0,0
169,34,7,13,0,0,0
48,3,3,4,0,0,2
252,851,3,2,0,0,0
5751,467,107,231,0,0,54
121,906,12,1,0,0,0
570,34,100,3,0,0,0
376,39,14,1,0,0,1
638,44,0,22,0,0,0
787,48,25,1,0,0,0
305,405,14,0,0,0,0
64,7,0,26,0,0,0
450,132,1,10,0,0,0
241,352,6,4,0,0,0
127,23,0,2,0,0,0
408,26,58,0,0,0,1
5,1,0,0,0,0,0
433,4,0,1,0,0,0
90,9,0,1,0,0,2
583,19,170,0,0,0,0
655,3,2,26,0,0,0
980,18,91,1,0,0,0
415,87,5,5,0,0,0
356,732,3,62,0,0,1
155,34,1,2,0,0,0
453,77,7,1,0,0,0
148,4,1,8,0,0,0
396,92,4,0,0,0,0
269,67,1,51,0,0,0
265,531,11,64,0,0,0
83,32,6,0,0,0,0
642,10,0,11,0,0,0
1611,344,22,26,0,0,0
481,66,2,2,0,0,0
107,1,4,0,0,0,0
642,8,1,0,0,0,2
91,33,1,3,0,0,0
1099,82,34,0,0,0,2
485,70,1,22,0,0,0
740,368,99,3,0,0,0
185,8,0,0,0,0,0
275,48,8,0,0,0,0
461,1361,1,0,0,0,0
1018,25,20,1,0,0,0
310,0,0,1,0,0,0
59,3,0,10,0,0,0
267,15,2,4,0,0,0
405,97,58,3,0,0,14
201,15,0,2,0,0,0
543,68,5,36,0,0,1
32,23,0,0,0,0,0
X,X,X,X,X,X,X
62,1,2,2,0,0,0
X,X,X,X,X,X,X
X,X,X,X,X,X,X
