Characteristics of Influenza-Associated Hospitalizations (data downloaded on 3/7/2025),Medical Conditions Breakdown by Season (data downloaded on 3/7/2025),Influenza-Associated Hospitalizations by Virus Type Number,Influenza-Associated Hospitalizations by Virus Type Percent
PERCENT,,,
36.8,,,
26.6,,,
18.8,,,
2.2,,,
0.1,,,
15.5,,,
57.3,,,
42.7,,,
11.3,,,
88.7,,,
3.4,,,
96.6,,,
22.9,,,
77.1,,,
0.4,,,
99.6,,,
25,,,
75,,,
25,,,
75,,,
0.4,,,
99.6,,,
22.9,,,
77.1,,,
3.4,,,
96.6,,,
11.3,,,
88.7,,,
57.3,,,
42.7,,,
36.8,,,
26.6,,,
18.8,,,
2.2,,,
0.1,,,
15.5,,,
80.1,,,
19.9,,,
37.9,,,
24.7,,,
20.3,,,
3.9,,,
0.3,,,
12.8,,,
56.9,,,
43.1,,,
12.4,,,
87.6,,,
5.5,,,
94.5,,,
16.9,,,
83.1,,,
23.1,,,
76.9,,,
0.7,,,
99.3,,,
0.7,,,
99.3,,,
23.1,,,
76.9,,,
16.9,,,
83.1,,,
5.5,,,
94.5,,,
12.4,,,
87.6,,,
56.9,,,
43.1,,,
37.9,,,
24.7,,,
20.3,,,
3.9,,,
0.3,,,
12.8,,,
68.5,,,
31.5,,,
56.2,,,
43.8,,,
34.7,,,
22.8,,,
22.1,,,
4.1,,,
0.6,,,
15.7,,,
13.2,,,
86.8,,,
6.7,,,
93.3,,,
20.4,,,
79.6,,,
0.6,,,
99.4,,,
23.9,,,
76.1,,,
48.1,,,
51.9,,,
7.7,,,
92.3,,,
27,,,
73,,,
1.1,,,
98.9,,,
13.3,,,
86.7,,,
46,,,
54,,,
36,,,
38.2,,,
9.9,,,
1.4,,,
"""""""""""""""""""""""""""""""""""""""""""""""""""""""""""""""""""""""""""""""""""""""""""""""""""""""""""""""""""""""""""""",,,
14.5,,,
56.6,,,
20.1,,,
6.8,,,
1.4,,,
"""""""""""""""""""""""""""""""""""""""""""""""""""""""""""""""""""""""""""""""""""""""""""""""""""""""""""""""""""""""""""""",,,
15.1,,,
48.4,,,
51.6,,,
19.6,,,
80.4,,,
3.7,,,
96.3,,,
30.1,,,
69.9,,,
11.9,,,
88.1,,,
49.3,,,
50.7,,,
61.9,,,
38.1,,,
10.8,,,
89.2,,,
33.8,,,
66.2,,,
5.9,,,
94.1,,,
15.3,,,
84.7,,,
40.2,,,
59.8,,,
66.7,,,
11.6,,,
2.3,,,
1.8,,,
"""""""""""""""""""""""""""""""""""""""""""""""""""""""""""""""""""""""""""""""""""""""""""""""""""""""""""""""""""""""""""""",,,
17.5,,,
60.2,,,
15.9,,,
3.5,,,
2,,,
"""""""""""""""""""""""""""""""""""""""""""""""""""""""""""""""""""""""""""""""""""""""""""""""""""""""""""""""""""""""""""""",,,
18.4,,,
45.3,,,
54.7,,,
20.4,,,
79.6,,,
7.5,,,
92.5,,,
28.4,,,
71.6,,,
12.4,,,
87.6,,,
59.7,,,
40.3,,,
61.6,,,
38.4,,,
10.6,,,
89.4,,,
35,,,
65,,,
4.7,,,
95.3,,,
13.1,,,
86.9,,,
41.3,,,
58.8,,,
68.1,,,
11.9,,,
1.9,,,
1.6,,,
"""""""""""""""""""""""""""""""""""""""""""""""""""""""""""""""""""""""""""""""""""""""""""""""""""""""""""""""""""""""""""""",,,
16.6,,,
70.9,,,
6.9,,,
2,,,
2,,,
"""""""""""""""""""""""""""""""""""""""""""""""""""""""""""""""""""""""""""""""""""""""""""""""""""""""""""""""""""""""""""""",,,
18.2,,,
33.5,,,
66.5,,,
13.8,,,
86.2,,,
6.4,,,
93.6,,,
37.4,,,
62.6,,,
9.4,,,
90.6,,,
64.5,,,
35.5,,,
3,,,
97,,,
27.5,,,
72.5,,,
44.6,,,
55.4,,,
8.9,,,
91.1,,,
14.7,,,
85.3,,,
49.4,,,
20.5,,,
11.2,,,
2.5,,,
0.2,,,
16.1,,,
47.8,,,
52.2,,,
27,,,
9.5,,,
14.7,,,
11.3,,,
37.4,,,
35.2,,,
22,,,
28.9,,,
2.7,,,
0.4,,,
10.9,,,
60.4,,,
39.6,,,
13.6,,,
86.4,,,
6.7,,,
93.3,,,
25.8,,,
74.2,,,
19.3,,,
80.7,,,
0.4,,,
99.6,,,
26.8,,,
73.2,,,
1.2,,,
98.8,,,
44.3,,,
55.7,,,
7.7,,,
92.3,,,
12.6,,,
87.4,,,
48.2,,,
30.2,,,
9,,,
2,,,
"""""""""""""""""""""""""""""""""""""""""""""""""""""""""""""""""""""""""""""""""""""""""""""""""""""""""""""""""""""""""""""",,,
10.6,,,
41.5,,,
58.5,,,
48.4,,,
51.6,,,
55.5,,,
20.6,,,
5.8,,,
3.2,,,
"""""""""""""""""""""""""""""""""""""""""""""""""""""""""""""""""""""""""""""""""""""""""""""""""""""""""""""""""""""""""""""",,,
14.8,,,
21.3,,,
78.7,,,
12.3,,,
87.7,,,
49,,,
51,,,
1.9,,,
98.1,,,
32.9,,,
67.1,,,
42.8,,,
57.2,,,
4.5,,,
95.5,,,
56.9,,,
43.1,,,
10.7,,,
89.3,,,
17.7,,,
82.3,,,
66.8,,,
11,,,
4.5,,,
4.2,,,
"""""""""""""""""""""""""""""""""""""""""""""""""""""""""""""""""""""""""""""""""""""""""""""""""""""""""""""""""""""""""""""",,,
13.5,,,
38.9,,,
61.1,,,
44.2,,,
55.8,,,
64.2,,,
18.3,,,
5,,,
5,,,
"""""""""""""""""""""""""""""""""""""""""""""""""""""""""""""""""""""""""""""""""""""""""""""""""""""""""""""""""""""""""""""",,,
7.5,,,
19.2,,,
80.8,,,
10,,,
90,,,
48.3,,,
51.7,,,
2.5,,,
97.5,,,
40,,,
60,,,
39.9,,,
60.1,,,
4.7,,,
95.3,,,
62.8,,,
37.2,,,
12.8,,,
87.2,,,
17.6,,,
82.4,,,
68.9,,,
6.8,,,
4.1,,,
3.4,,,
"""""""""""""""""""""""""""""""""""""""""""""""""""""""""""""""""""""""""""""""""""""""""""""""""""""""""""""""""""""""""""""",,,
16.9,,,
43.2,,,
56.8,,,
24.1,,,
75.9,,,
66.7,,,
8,,,
4.6,,,
4.6,,,
"""""""""""""""""""""""""""""""""""""""""""""""""""""""""""""""""""""""""""""""""""""""""""""""""""""""""""""""""""""""""""""",,,
16.1,,,
16.1,,,
83.9,,,
8,,,
92,,,
58.6,,,
41.4,,,
6.9,,,
93.1,,,
51.7,,,
48.3,,,
31.6,,,
68.4,,,
8.7,,,
91.3,,,
1.9,,,
98.1,,,
38.2,,,
61.8,,,
15.5,,,
84.5,,,
49.3,,,
50.7,,,
48.9,,,
20.3,,,
15.5,,,
3.1,,,
0.2,,,
12.1,,,
30.7,,,
10.2,,,
19.2,,,
12.1,,,
27.8,,,
55.3,,,
44.7,,,
38.1,,,
24.4,,,
22.4,,,
5.1,,,
0.6,,,
9.4,,,
11.6,,,
88.4,,,
3.7,,,
96.3,,,
21.3,,,
78.7,,,
0.1,,,
99.9,,,
17.2,,,
82.8,,,
50.4,,,
49.6,,,
0.8,,,
99.2,,,
27.2,,,
72.8,,,
12.9,,,
87.1,,,
6.5,,,
93.5,,,
40.2,,,
59.8,,,
43.2,,,
31.7,,,
11,,,
2.5,,,
0.3,,,
11.3,,,
61.1,,,
22.1,,,
4.6,,,
3.3,,,
"""""""""""""""""""""""""""""""""""""""""""""""""""""""""""""""""""""""""""""""""""""""""""""""""""""""""""""""""""""""""""""",,,
8.9,,,
48.9,,,
51.1,,,
8.4,,,
91.6,,,
14.5,,,
85.5,,,
29.1,,,
70.9,,,
3.6,,,
96.4,,,
51.1,,,
48.9,,,
57.9,,,
42.1,,,
4.3,,,
95.7,,,
38.1,,,
61.9,,,
12.3,,,
87.7,,,
7,,,
93,,,
43.9,,,
56.1,,,
71.8,,,
10,,,
4,,,
3.2,,,
0.1,,,
11.1,,,
61.6,,,
16.2,,,
6.6,,,
4.8,,,
"""""""""""""""""""""""""""""""""""""""""""""""""""""""""""""""""""""""""""""""""""""""""""""""""""""""""""""""""""""""""""""",,,
10.9,,,
45.4,,,
54.6,,,
9.6,,,
90.4,,,
14.8,,,
85.2,,,
32.3,,,
67.7,,,
3.3,,,
96.7,,,
51.1,,,
48.9,,,
58.9,,,
41.1,,,
4.5,,,
95.5,,,
38.8,,,
61.2,,,
12.4,,,
87.6,,,
6.9,,,
93.1,,,
47.4,,,
52.4,,,
72.2,,,
9.8,,,
3.7,,,
3,,,
0.1,,,
11.1,,,
79.1,,,
5.4,,,
2.2,,,
2,,,
"""""""""""""""""""""""""""""""""""""""""""""""""""""""""""""""""""""""""""""""""""""""""""""""""""""""""""""""""""""""""""""",,,
11.3,,,
38.5,,,
61.5,,,
5.2,,,
94.8,,,
10.3,,,
89.7,,,
41.8,,,
58.2,,,
5,,,
95,,,
61.8,,,
38.2,,,
46.6,,,
53.4,,,
2.6,,,
97.4,,,
31,,,
69,,,
6.4,,,
93.6,,,
12.6,,,
87.4,,,
16.3,,,
5.6,,,
18.7,,,
14.9,,,
44.5,,,
57.5,,,
19,,,
9.4,,,
3.5,,,
0.2,,,
10.5,,,
46.4,,,
53.5,,,
38.3,,,
25.3,,,
22,,,
4.7,,,
0.6,,,
9.1,,,
55.4,,,
44.6,,,
15.1,,,
84.9,,,
7.3,,,
92.7,,,
18.8,,,
81.2,,,
16.8,,,
83.2,,,
0.9,,,
99.1,,,
47.9,,,
52.1,,,
2.9,,,
97.1,,,
8.8,,,
91.2,,,
25.4,,,
74.6,,,
17.1,,,
82.9,,,
39.3,,,
60.7,,,
36.9,,,
37.4,,,
12.8,,,
1.6,,,
0.3,,,
11,,,
52.2,,,
21.9,,,
8.5,,,
2.5,,,
"""""""""""""""""""""""""""""""""""""""""""""""""""""""""""""""""""""""""""""""""""""""""""""""""""""""""""""""""""""""""""""",,,
14.9,,,
47.8,,,
52.2,,,
25.9,,,
74.1,,,
27.9,,,
72.1,,,
16.4,,,
83.6,,,
3,,,
97,,,
50.7,,,
49.3,,,
59.6,,,
40.4,,,
7.6,,,
92.4,,,
10,,,
90,,,
32.5,,,
67.5,,,
18.8,,,
81.2,,,
45.3,,,
54.7,,,
70.2,,,
9.1,,,
4,,,
2.7,,,
"""""""""""""""""""""""""""""""""""""""""""""""""""""""""""""""""""""""""""""""""""""""""""""""""""""""""""""""""""""""""""""",,,
14,,,
62.6,,,
14,,,
3.7,,,
2.8,,,
"""""""""""""""""""""""""""""""""""""""""""""""""""""""""""""""""""""""""""""""""""""""""""""""""""""""""""""""""""""""""""""",,,
16.8,,,
52.3,,,
47.7,,,
21.5,,,
78.5,,,
29,,,
71,,,
13.1,,,
86.9,,,
7.5,,,
92.5,,,
56.1,,,
43.9,,,
60.4,,,
39.6,,,
5.8,,,
94.2,,,
8.6,,,
91.4,,,
36,,,
64,,,
18.7,,,
81.3,,,
44.6,,,
55.4,,,
71.9,,,
8.6,,,
5,,,
2.9,,,
"""""""""""""""""""""""""""""""""""""""""""""""""""""""""""""""""""""""""""""""""""""""""""""""""""""""""""""""""""""""""""""",,,
11.5,,,
77.1,,,
3.6,,,
2.4,,,
2.4,,,
"""""""""""""""""""""""""""""""""""""""""""""""""""""""""""""""""""""""""""""""""""""""""""""""""""""""""""""""""""""""""""""",,,
14.5,,,
37.3,,,
62.7,,,
15.7,,,
84.3,,,
31.3,,,
68.7,,,
8.4,,,
91.6,,,
10.8,,,
89.2,,,
62.7,,,
37.3,,,
35.9,,,
64.1,,,
2.9,,,
97.1,,,
24,,,
76,,,
9.2,,,
90.8,,,
17.6,,,
82.4,,,
49,,,
51,,,
45.8,,,
24.4,,,
14.9,,,
3.4,,,
0.4,,,
11.1,,,
32.4,,,
14.4,,,
22,,,
11.8,,,
19.4,,,
57.1,,,
42.9,,,
40.8,,,
21.3,,,
22,,,
4.2,,,
1.5,,,
10.3,,,
16.2,,,
83.8,,,
5.3,,,
94.7,,,
31.3,,,
68.7,,,
1.1,,,
98.9,,,
79.8,,,
20.2,,,
83.3,,,
16.7,,,
38.3,,,
61.7,,,
3.3,,,
96.7,,,
12.5,,,
87.5,,,
22.5,,,
77.5,,,
40.9,,,
59.1,,,
42.6,,,
24.7,,,
16.5,,,
3.1,,,
1.2,,,
11.9,,,
52.9,,,
21.2,,,
9.5,,,
2.8,,,
1.4,,,
12.3,,,
42.8,,,
57.2,,,
24,,,
76,,,
13.6,,,
86.4,,,
3.7,,,
96.3,,,
42.9,,,
57.1,,,
81.1,,,
18.9,,,
78.9,,,
21.1,,,
42.8,,,
57.2,,,
6.7,,,
93.3,,,
10.7,,,
89.3,,,
23.5,,,
76.5,,,
41.7,,,
58.3,,,
58.3,,,
10.4,,,
12,,,
5.5,,,
0.1,,,
13.6,,,
56.5,,,
13.3,,,
12,,,
4.5,,,
0.3,,,
13.5,,,
41.4,,,
58.6,,,
25.9,,,
74.1,,,
12.5,,,
87.5,,,
5.5,,,
94.5,,,
38.4,,,
61.6,,,
79.3,,,
20.7,,,
77.7,,,
22.3,,,
46.2,,,
53.8,,,
8.5,,,
91.5,,,
9.7,,,
90.3,,,
20.6,,,
79.4,,,
42.9,,,
57.1,,,
58.7,,,
8.1,,,
13,,,
5.7,,,
"""""""""""""""""""""""""""""""""""""""""""""""""""""""""""""""""""""""""""""""""""""""""""""""""""""""""""""""""""""""""""""",,,
14.6,,,
64.7,,,
4.9,,,
9.8,,,
8.8,,,
"""""""""""""""""""""""""""""""""""""""""""""""""""""""""""""""""""""""""""""""""""""""""""""""""""""""""""""""""""""""""""""",,,
11.8,,,
40.2,,,
59.8,,,
20.6,,,
79.4,,,
5.9,,,
94.1,,,
6.9,,,
93.1,,,
52,,,
48,,,
80.4,,,
19.6,,,
3,,,
97,,,
37.3,,,
62.7,,,
10.1,,,
89.9,,,
20.8,,,
79.2,,,
45.6,,,
21.4,,,
16.6,,,
3.6,,,
1.2,,,
11.6,,,
46.8,,,
53.2,,,
17.6,,,
16,,,
37,,,
19.4,,,
10,,,
81.2,,,
18.8,,,
39.3,,,
26.7,,,
25,,,
4.8,,,
1.5,,,
2.7,,,
55.1,,,
44.9,,,
15.8,,,
84.2,,,
6.6,,,
93.4,,,
21.7,,,
78.3,,,
55.7,,,
44.3,,,
0.3,,,
99.7,,,
2.9,,,
97.1,,,
76.4,,,
23.6,,,
29.3,,,
70.7,,,
9,,,
91,,,
17.8,,,
82.2,,,
42.7,,,
57.3,,,
47,,,
32.8,,,
14.8,,,
3.6,,,
1,,,
0.8,,,
58.1,,,
27.7,,,
9.4,,,
3.2,,,
1,,,
0.5,,,
48.3,,,
51.7,,,
22.5,,,
77.5,,,
13.1,,,
86.9,,,
34,,,
66,,,
75.5,,,
24.5,,,
4,,,
96,,,
4.7,,,
95.3,,,
77.2,,,
22.8,,,
37,,,
63,,,
6.7,,,
93.3,,,
16.8,,,
83.2,,,
43.5,,,
56.5,,,
77.4,,,
11.6,,,
5.9,,,
4.7,,,
0.3,,,
0.2,,,
66.1,,,
17.4,,,
10,,,
6,,,
0.3,,,
0.2,,,
46.1,,,
53.9,,,
22.3,,,
77.7,,,
9.3,,,
90.7,,,
34,,,
66,,,
72.9,,,
27.1,,,
2.9,,,
97.1,,,
4.4,,,
95.6,,,
77.7,,,
22.3,,,
36.3,,,
63.7,,,
7.5,,,
92.5,,,
16,,,
84,,,
44.5,,,
55.5,,,
78.9,,,
11.9,,,
3.7,,,
4.9,,,
0.3,,,
0.3,,,
85.8,,,
6.1,,,
4.4,,,
3.3,,,
0.3,,,
0.1,,,
40.3,,,
59.7,,,
12.6,,,
87.4,,,
3.5,,,
96.5,,,
40.3,,,
59.7,,,
80.5,,,
19.5,,,
6.6,,,
93.4,,,
71.9,,,
28.1,,,
31.1,,,
68.9,,,
8.5,,,
91.5,,,
17.9,,,
82.1,,,
46.8,,,
53.2,,,
57.9,,,
23.2,,,
13,,,
4.2,,,
0.9,,,
1,,,
15.1,,,
7.2,,,
24.3,,,
19.1,,,
34.3,,,
3.1,,,
96.9,,,
59.1,,,
40.9,,,
37.3,,,
22.9,,,
20,,,
6.3,,,
1.9,,,
11.6,,,
19.5,,,
80.5,,,
4.4,,,
95.6,,,
18.5,,,
81.5,,,
"""""""""""""""""""""""""""""""""""""""""""""""""""""""""""""""""""""""""""""""""""""""""""""""""""""""""""""""""""""""""""""",,,
100,,,
56.4,,,
43.6,,,
74.7,,,
25.3,,,
1.1,,,
98.9,,,
27.4,,,
72.6,,,
13.3,,,
86.7,,,
5.7,,,
94.3,,,
38.5,,,
28.2,,,
17.4,,,
5.5,,,
1.1,,,
9.2,,,
44.3,,,
55.7,,,
46.1,,,
53.9,,,
49.1,,,
21.1,,,
10.6,,,
6.7,,,
0.9,,,
11.6,,,
10.9,,,
89.1,,,
19.4,,,
80.6,,,
33.1,,,
66.9,,,
4.6,,,
95.4,,,
74.3,,,
25.7,,,
78.4,,,
21.6,,,
3.3,,,
96.7,,,
36.6,,,
63.4,,,
15.5,,,
84.5,,,
4.9,,,
95.1,,,
64.2,,,
9.5,,,
6.7,,,
7.9,,,
0.9,,,
10.7,,,
45.2,,,
54.8,,,
50,,,
50,,,
58.6,,,
15.3,,,
7.8,,,
7.5,,,
0.7,,,
10.2,,,
8,,,
92,,,
19.3,,,
80.7,,,
33.7,,,
66.3,,,
4,,,
96,,,
79,,,
21,,,
77.6,,,
22.4,,,
1.6,,,
98.4,,,
36.2,,,
63.8,,,
13.5,,,
86.5,,,
3.8,,,
96.2,,,
62.9,,,
7.9,,,
8.4,,,
8.7,,,
0.8,,,
11.4,,,
43.8,,,
56.2,,,
42.3,,,
57.7,,,
71.1,,,
5.9,,,
3.6,,,
7.5,,,
1.3,,,
10.5,,,
3.3,,,
96.7,,,
14.1,,,
85.9,,,
40,,,
60,,,
4.6,,,
95.4,,,
78.7,,,
21.3,,,
72.5,,,
27.5,,,
2.4,,,
97.6,,,
30.4,,,
69.6,,,
6,,,
94,,,
16.5,,,
83.5,,,
50.5,,,
18.3,,,
12.4,,,
6.9,,,
1.2,,,
10.7,,,
48,,,
52,,,
12,,,
8,,,
21.8,,,
17.9,,,
40.4,,,
37.3,,,
26.1,,,
19.8,,,
5.9,,,
1.1,,,
9.7,,,
55.9,,,
44.1,,,
17.9,,,
82.1,,,
5.3,,,
94.7,,,
18.6,,,
81.4,,,
71.5,,,
28.5,,,
0.9,,,
99.1,,,
79.9,,,
20.1,,,
1.1,,,
98.9,,,
15.2,,,
84.8,,,
6.4,,,
93.6,,,
22.9,,,
77.1,,,
38.9,,,
61.1,,,
44.5,,,
28.9,,,
14.1,,,
4.1,,,
0.8,,,
7.6,,,
57,,,
26.7,,,
6.7,,,
2.7,,,
0.5,,,
6.5,,,
49.1,,,
50.9,,,
26.7,,,
73.3,,,
8.1,,,
91.9,,,
17.5,,,
82.5,,,
2.3,,,
97.7,,,
78.6,,,
21.4,,,
83.2,,,
16.8,,,
3.6,,,
96.4,,,
14.7,,,
85.3,,,
5.3,,,
94.7,,,
33.4,,,
66.6,,,
45.3,,,
54.7,,,
74.8,,,
9.7,,,
5.2,,,
3.9,,,
0.3,,,
6.2,,,
67.9,,,
14.9,,,
6.5,,,
4.1,,,
0.5,,,
6.1,,,
47.2,,,
52.8,,,
30.2,,,
69.8,,,
7.8,,,
92.2,,,
18.1,,,
81.9,,,
2.5,,,
97.5,,,
80.9,,,
19.1,,,
83.6,,,
16.4,,,
3,,,
97,,,
14.7,,,
85.3,,,
4.9,,,
95.1,,,
32.2,,,
67.8,,,
47.6,,,
52.4,,,
73.8,,,
9.8,,,
5.9,,,
4.1,,,
0.3,,,
6.1,,,
81.3,,,
5.4,,,
3.4,,,
3.4,,,
0,,,
6.5,,,
41.5,,,
58.5,,,
37.1,,,
62.9,,,
3.6,,,
96.4,,,
11.9,,,
88.1,,,
4.9,,,
95.1,,,
84.8,,,
15.2,,,
80,,,
20,,,
28.2,,,
71.8,,,
6,,,
94,,,
15.7,,,
84.3,,,
46.6,,,
53.4,,,
60.8,,,
18.4,,,
9.2,,,
4,,,
0.5,,,
7,,,
9.8,,,
5.6,,,
16.6,,,
17.9,,,
50.1,,,
2.5,,,
97.5,,,
58.1,,,
41.9,,,
35.3,,,
25.2,,,
21.5,,,
5.9,,,
1.4,,,
10.7,,,
21.1,,,
78.9,,,
6.4,,,
93.6,,,
25.4,,,
74.6,,,
0.2,,,
99.8,,,
81.8,,,
18.2,,,
86.8,,,
13.2,,,
12.3,,,
87.7,,,
34.6,,,
65.4,,,
2.5,,,
97.5,,,
21.5,,,
78.5,,,
44.6,,,
55.4,,,
46.8,,,
27.1,,,
13.4,,,
3.5,,,
1.1,,,
8.1,,,
58.8,,,
23,,,
8.2,,,
2.6,,,
0.8,,,
6.6,,,
48,,,
52,,,
26.2,,,
73.8,,,
4.5,,,
95.5,,,
37.5,,,
62.5,,,
14.7,,,
85.3,,,
84.1,,,
15.9,,,
84.8,,,
15.2,,,
8.5,,,
91.5,,,
38.1,,,
61.9,,,
4.8,,,
95.2,,,
19.7,,,
80.3,,,
45.7,,,
54.3,,,
69.5,,,
13.7,,,
7,,,
4.1,,,
0.5,,,
5.2,,,
64.9,,,
18.1,,,
7,,,
3.5,,,
0.7,,,
5.9,,,
46.9,,,
53.1,,,
23.1,,,
76.9,,,
3.8,,,
96.2,,,
36.8,,,
63.2,,,
10.5,,,
89.5,,,
84.9,,,
15.1,,,
85.8,,,
14.2,,,
8.3,,,
91.7,,,
39.5,,,
60.5,,,
5.5,,,
94.5,,,
18.4,,,
81.6,,,
45.8,,,
54.2,,,
70.7,,,
11.8,,,
7.3,,,
4.7,,,
0.3,,,
5.1,,,
78.4,,,
6.7,,,
6.5,,,
4.3,,,
0.5,,,
3.4,,,
42.8,,,
57.2,,,
13.6,,,
86.4,,,
5.8,,,
94.2,,,
38.8,,,
61.2,,,
4,,,
96,,,
82.8,,,
17.2,,,
3.5,,,
96.5,,,
35.3,,,
64.7,,,
84.8,,,
15.2,,,
11.1,,,
88.9,,,
22.3,,,
77.7,,,
55.6,,,
21.7,,,
11,,,
3.7,,,
0.9,,,
7.1,,,
47.7,,,
52.3,,,
8.5,,,
4.5,,,
27.5,,,
29.6,,,
29.8,,,
32,,,
24.7,,,
18.2,,,
4.4,,,
1.2,,,
19.5,,,
54.7,,,
45.3,,,
22,,,
78,,,
6.1,,,
93.9,,,
15.6,,,
84.4,,,
79.6,,,
20.4,,,
1.1,,,
98.9,,,
20.9,,,
79.1,,,
0.8,,,
99.2,,,
84.9,,,
15.1,,,
6,,,
94,,,
14.5,,,
85.5,,,
40.6,,,
59.4,,,
41.7,,,
32,,,
10.1,,,
3.4,,,
0.8,,,
12.1,,,
52.6,,,
26.4,,,
6.2,,,
3.4,,,
0.5,,,
10.9,,,
46.4,,,
53.6,,,
17.8,,,
82.2,,,
8.3,,,
91.7,,,
85.3,,,
14.7,,,
3.2,,,
96.8,,,
26.4,,,
73.6,,,
29.7,,,
70.3,,,
3.7,,,
96.3,,,
88.1,,,
11.9,,,
5.5,,,
94.5,,,
13.2,,,
86.8,,,
44.2,,,
55.8,,,
68.4,,,
10,,,
4.2,,,
5,,,
0.2,,,
12.2,,,
62.6,,,
15.9,,,
5.4,,,
4.9,,,
0.2,,,
11,,,
48.3,,,
51.7,,,
17.5,,,
82.5,,,
8.2,,,
91.8,,,
85.8,,,
14.2,,,
2.9,,,
97.1,,,
27.5,,,
72.5,,,
28.2,,,
71.8,,,
3.5,,,
96.5,,,
89.1,,,
10.9,,,
5.1,,,
94.9,,,
12.6,,,
87.4,,,
46.4,,,
53.6,,,
67.3,,,
10.1,,,
4.7,,,
5.5,,,
0.3,,,
12.1,,,
73.5,,,
5.8,,,
2.8,,,
4.5,,,
0.2,,,
13.1,,,
39.2,,,
60.8,,,
10.8,,,
89.2,,,
3.9,,,
96.1,,,
88.8,,,
11.2,,,
4.6,,,
95.4,,,
32.7,,,
67.3,,,
26.7,,,
73.3,,,
6.1,,,
93.9,,,
15,,,
85,,,
45.1,,,
54.9,,,
58.8,,,
16.9,,,
6.6,,,
4.4,,,
0.5,,,
12.7,,,
3,,,
97,,,
86.4,,,
13.6,,,
5.6,,,
4.3,,,
12.7,,,
16.2,,,
61.2,,,
55.3,,,
44.7,,,
33.9,,,
26.3,,,
21.4,,,
5.7,,,
1.5,,,
11.2,,,
20.4,,,
79.6,,,
4.5,,,
95.5,,,
21.1,,,
78.9,,,
0.4,,,
99.6,,,
77.6,,,
22.4,,,
86.2,,,
13.8,,,
1.7,,,
98.3,,,
30.9,,,
69.1,,,
18.4,,,
81.6,,,
9.3,,,
90.7,,,
42.5,,,
57.5,,,
42.1,,,
30,,,
13.7,,,
3.5,,,
0.8,,,
9.8,,,
53.9,,,
25.6,,,
8.4,,,
3,,,
0.6,,,
8.5,,,
49,,,
51,,,
9.4,,,
90.6,,,
21,,,
79,,,
33.7,,,
66.3,,,
2.8,,,
97.2,,,
87,,,
13,,,
86.3,,,
13.7,,,
4.5,,,
95.5,,,
33.2,,,
66.8,,,
17.1,,,
82.9,,,
7.1,,,
92.9,,,
45.1,,,
54.9,,,
64.5,,,
12.7,,,
7.5,,,
6.3,,,
0.6,,,
8.4,,,
62.2,,,
16.8,,,
7.2,,,
4.8,,,
0.6,,,
8.4,,,
47.9,,,
52.1,,,
8.8,,,
91.2,,,
19.4,,,
80.6,,,
32.4,,,
67.6,,,
3.9,,,
96.1,,,
86.1,,,
13.9,,,
85.8,,,
14.2,,,
4.7,,,
95.3,,,
33.4,,,
66.6,,,
17.6,,,
82.4,,,
7.3,,,
92.7,,,
44.6,,,
55.4,,,
63.9,,,
10.8,,,
8.3,,,
8.3,,,
0.9,,,
7.9,,,
70.5,,,
6.5,,,
7.1,,,
6.6,,,
0.2,,,
9.2,,,
39.5,,,
60.5,,,
2.9,,,
97.1,,,
10.8,,,
89.2,,,
34.8,,,
65.2,,,
5.5,,,
94.5,,,
87.7,,,
12.3,,,
85.3,,,
14.7,,,
2.8,,,
97.2,,,
31.2,,,
68.8,,,
7.9,,,
92.1,,,
18.9,,,
81.1,,,
8.4,,,
5.1,,,
23.3,,,
27.9,,,
35.2,,,
52.2,,,
22.2,,,
11.1,,,
4.7,,,
0.8,,,
9.1,,,
46.9,,,
53.1,,,
31,,,
35.1,,,
17.2,,,
5.5,,,
1,,,
10.2,,,
55.4,,,
44.6,,,
22.4,,,
77.6,,,
5.7,,,
94.3,,,
15.6,,,
84.4,,,
79.2,,,
20.8,,,
0.3,,,
99.7,,,
88,,,
12,,,
1.3,,,
98.7,,,
6,,,
94,,,
22.2,,,
77.8,,,
17.1,,,
82.9,,,
42.1,,,
57.9,,,
40.7,,,
31.8,,,
12.2,,,
4.7,,,
0.9,,,
9.8,,,
52,,,
28,,,
6.7,,,
3.8,,,
0.8,,,
8.7,,,
47.7,,,
52.3,,,
18.7,,,
81.3,,,
26.8,,,
73.2,,,
7.3,,,
92.7,,,
2.4,,,
97.6,,,
88.3,,,
11.7,,,
91.1,,,
8.9,,,
4,,,
96,,,
4.7,,,
95.3,,,
28.5,,,
71.5,,,
13.6,,,
86.4,,,
44.3,,,
55.7,,,
67.9,,,
11.4,,,
4.9,,,
6.3,,,
0.3,,,
9.2,,,
61.8,,,
17.4,,,
6.1,,,
4.8,,,
0.4,,,
9.6,,,
46.4,,,
53.6,,,
16.6,,,
83.4,,,
27.3,,,
72.7,,,
6.4,,,
93.6,,,
3,,,
97,,,
89.9,,,
10.1,,,
91.3,,,
8.7,,,
3.4,,,
96.6,,,
4.8,,,
95.2,,,
27.2,,,
72.8,,,
13.9,,,
86.1,,,
46.1,,,
53.9,,,
67.2,,,
10.9,,,
5.2,,,
7.4,,,
0.3,,,
9,,,
74.1,,,
6.4,,,
3.5,,,
6.6,,,
0.4,,,
9,,,
40.6,,,
59.4,,,
10.7,,,
89.3,,,
30.9,,,
69.1,,,
3,,,
97,,,
5.4,,,
94.6,,,
92.1,,,
7.9,,,
89.2,,,
10.8,,,
3,,,
97,,,
26.3,,,
73.7,,,
5.5,,,
94.5,,,
15.8,,,
84.2,,,
45.6,,,
54.4,,,
58.3,,,
19.2,,,
7.2,,,
5.6,,,
0.5,,,
9.3,,,
4.1,,,
4.1,,,
12.8,,,
19.5,,,
59.5,,,
57.5,,,
42.5,,,
33.8,,,
29.3,,,
22.3,,,
6.4,,,
1,,,
7.2,,,
23.3,,,
76.7,,,
5.4,,,
94.6,,,
19.6,,,
80.4,,,
0.6,,,
99.4,,,
86.4,,,
13.6,,,
91.7,,,
8.3,,,
23.3,,,
76.7,,,
1.4,,,
98.6,,,
6.1,,,
93.9,,,
17.7,,,
82.3,,,
42.9,,,
32.8,,,
12.6,,,
4.4,,,
0.8,,,
6.6,,,
40.5,,,
59.5,,,
48.9,,,
51.1,,,
55.6,,,
27.9,,,
7.3,,,
3.1,,,
0.5,,,
5.6,,,
17.5,,,
82.5,,,
7.4,,,
92.6,,,
2.4,,,
97.6,,,
27.1,,,
72.9,,,
92.2,,,
7.8,,,
93.7,,,
6.3,,,
28.5,,,
71.5,,,
3.7,,,
96.3,,,
4.6,,,
95.4,,,
13.5,,,
86.5,,,
71.8,,,
12.2,,,
4.5,,,
6,,,
0.3,,,
5.1,,,
44.4,,,
55.6,,,
48.6,,,
51.4,,,
67.3,,,
17.4,,,
4.9,,,
4.7,,,
0.5,,,
5.2,,,
16.7,,,
83.3,,,
6.6,,,
93.4,,,
2.6,,,
97.4,,,
26.2,,,
73.8,,,
92.6,,,
7.4,,,
94.2,,,
5.8,,,
28.8,,,
71.2,,,
3.6,,,
96.4,,,
4.5,,,
95.5,,,
12.9,,,
87.1,,,
71.1,,,
11.5,,,
4.7,,,
7.4,,,
0.2,,,
5.1,,,
45,,,
55,,,
39.3,,,
60.7,,,
77.4,,,
7.5,,,
3.9,,,
6,,,
0.3,,,
4.9,,,
10.6,,,
89.4,,,
2.5,,,
97.5,,,
4.9,,,
95.1,,,
30.5,,,
69.5,,,
94.2,,,
5.8,,,
2.9,,,
97.1,,,
26.8,,,
73.2,,,
92.6,,,
7.4,,,
5.4,,,
94.6,,,
15.6,,,
84.4,,,
61.9,,,
19.4,,,
7.5,,,
5.2,,,
0.5,,,
5.5,,,
45.8,,,
54.2,,,
4.2,,,
3.1,,,
13,,,
21,,,
58.7,,,
33.2,,,
24.6,,,
27,,,
6,,,
1.6,,,
7.7,,,
56.7,,,
43.3,,,
21.2,,,
78.8,,,
5.2,,,
94.8,,,
19.4,,,
80.6,,,
85.1,,,
14.9,,,
0.5,,,
99.5,,,
1.4,,,
98.6,,,
93.7,,,
6.3,,,
27.5,,,
72.5,,,
7.2,,,
92.8,,,
17.9,,,
82.1,,,
42.1,,,
57.9,,,
44.6,,,
28.6,,,
15.6,,,
4.3,,,
1.4,,,
5.5,,,
54.9,,,
27.2,,,
8.9,,,
3.4,,,
1.3,,,
4.3,,,
48.3,,,
51.7,,,
20.2,,,
79.8,,,
8.4,,,
91.6,,,
31.7,,,
68.3,,,
93.5,,,
6.5,,,
2.9,,,
97.1,,,
3.7,,,
96.3,,,
94.7,,,
5.3,,,
28.9,,,
71.1,,,
5.2,,,
94.8,,,
15.7,,,
84.3,,,
45,,,
55,,,
70.1,,,
13.6,,,
6.2,,,
4.8,,,
0.4,,,
4.8,,,
65.3,,,
17.7,,,
7.1,,,
3.9,,,
0.6,,,
5.4,,,
48.6,,,
51.4,,,
18.6,,,
81.4,,,
7.2,,,
92.8,,,
29.1,,,
70.9,,,
94.1,,,
5.9,,,
3.1,,,
96.9,,,
3.7,,,
96.3,,,
94.4,,,
5.6,,,
27.1,,,
72.9,,,
4.8,,,
95.2,,,
15.5,,,
84.5,,,
44.7,,,
55.3,,,
70.8,,,
12.5,,,
6.3,,,
5.6,,,
0.4,,,
4.3,,,
77.4,,,
8.2,,,
4.5,,,
5.2,,,
0.2,,,
4.5,,,
39,,,
61,,,
11.1,,,
88.9,,,
2.2,,,
97.8,,,
31,,,
69,,,
96.1,,,
3.9,,,
5,,,
95,,,
93.1,,,
6.9,,,
2.7,,,
97.3,,,
28.2,,,
71.8,,,
6.3,,,
93.7,,,
17.8,,,
82.2,,,
46.6,,,
53.4,,,
57.7,,,
20.7,,,
10.9,,,
4.5,,,
0.9,,,
5.2,,,
6.7,,,
5.1,,,
17.2,,,
23.6,,,
47.4,,,
55.1,,,
44.9,,,
31.8,,,
31.2,,,
23.8,,,
4.4,,,
1.4,,,
7.5,,,
20.7,,,
79.3,,,
5.2,,,
94.8,,,
18.1,,,
81.9,,,
0.5,,,
99.5,,,
81,,,
19,,,
90.3,,,
9.7,,,
1.6,,,
98.4,,,
26.2,,,
73.8,,,
15.7,,,
84.3,,,
6.2,,,
93.8,,,
42.1,,,
57.9,,,
38,,,
36.1,,,
16.3,,,
3.6,,,
1.5,,,
4.6,,,
52.4,,,
30.1,,,
9.3,,,
2.9,,,
1.1,,,
4.3,,,
49.3,,,
50.7,,,
9.3,,,
90.7,,,
20.6,,,
79.4,,,
31.7,,,
68.3,,,
3.1,,,
96.9,,,
93.2,,,
6.8,,,
94,,,
6,,,
3.8,,,
96.2,,,
29.9,,,
70.1,,,
16.9,,,
83.1,,,
5.4,,,
94.6,,,
46.9,,,
53.1,,,
66.5,,,
16.9,,,
7.4,,,
5.3,,,
0.5,,,
3.4,,,
63.3,,,
21.4,,,
7.2,,,
4.2,,,
0.6,,,
3.3,,,
49.8,,,
50.2,,,
6.8,,,
93.2,,,
19.7,,,
80.3,,,
29.8,,,
70.2,,,
3.3,,,
96.7,,,
93.6,,,
6.4,,,
94.3,,,
5.7,,,
4.2,,,
95.8,,,
28.7,,,
71.3,,,
15.6,,,
84.4,,,
4.7,,,
95.3,,,
46.7,,,
53.3,,,
66.8,,,
14.5,,,
8,,,
6.4,,,
0.5,,,
3.8,,,
73.5,,,
10.4,,,
6.6,,,
6.1,,,
0.3,,,
3,,,
40.5,,,
59.5,,,
3.4,,,
96.6,,,
12.7,,,
87.3,,,
32.1,,,
67.9,,,
4.3,,,
95.7,,,
94.5,,,
5.5,,,
90.8,,,
9.2,,,
2.7,,,
97.3,,,
27.6,,,
72.4,,,
6.5,,,
93.5,,,
18.2,,,
81.8,,,
51.7,,,
26.6,,,
12.1,,,
4.2,,,
1,,,
4.5,,,
47.6,,,
52.4,,,
8.2,,,
5.7,,,
22.4,,,
25.5,,,
38.2,,,
22.2,,,
22.2,,,
33.3,,,
"""""""""""""""""""""""""""""""""""""""""""""""""""""""""""""""""""""""""""""""""""""""""""""""""""""""""""""""""""""""""""""",,,
11.1,,,
11.1,,,
66.7,,,
33.3,,,
"""""""""""""""""""""""""""""""""""""""""""""""""""""""""""""""""""""""""""""""""""""""""""""""""""""""""""""""""""""""""""""",,,
"""""""""""""""""""""""""""""""""""""""""""""""""""""""""""""""""""""""""""""""""""""""""""""""""""""""""""""""""""""""""""""",,,
"""""""""""""""""""""""""""""""""""""""""""""""""""""""""""""""""""""""""""""""""""""""""""""""""""""""""""""""""""""""""""""",,,
"""""""""""""""""""""""""""""""""""""""""""""""""""""""""""""""""""""""""""""""""""""""""""""""""""""""""""""""""""""""""""""",,,
"""""""""""""""""""""""""""""""""""""""""""""""""""""""""""""""""""""""""""""""""""""""""""""""""""""""""""""""""""""""""""""",,,
"""""""""""""""""""""""""""""""""""""""""""""""""""""""""""""""""""""""""""""""""""""""""""""""""""""""""""""""""""""""""""""",,,
"""""""""""""""""""""""""""""""""""""""""""""""""""""""""""""""""""""""""""""""""""""""""""""""""""""""""""""""""""""""""""""",,,
"""""""""""""""""""""""""""""""""""""""""""""""""""""""""""""""""""""""""""""""""""""""""""""""""""""""""""""""""""""""""""""",,,
"""""""""""""""""""""""""""""""""""""""""""""""""""""""""""""""""""""""""""""""""""""""""""""""""""""""""""""""""""""""""""""",,,
"""""""""""""""""""""""""""""""""""""""""""""""""""""""""""""""""""""""""""""""""""""""""""""""""""""""""""""""""""""""""""""",,,
"""""""""""""""""""""""""""""""""""""""""""""""""""""""""""""""""""""""""""""""""""""""""""""""""""""""""""""""""""""""""""""",,,
"""""""""""""""""""""""""""""""""""""""""""""""""""""""""""""""""""""""""""""""""""""""""""""""""""""""""""""""""""""""""""""",,,
"""""""""""""""""""""""""""""""""""""""""""""""""""""""""""""""""""""""""""""""""""""""""""""""""""""""""""""""""""""""""""""",,,
"""""""""""""""""""""""""""""""""""""""""""""""""""""""""""""""""""""""""""""""""""""""""""""""""""""""""""""""""""""""""""""",,,
"""""""""""""""""""""""""""""""""""""""""""""""""""""""""""""""""""""""""""""""""""""""""""""""""""""""""""""""""""""""""""""",,,
"""""""""""""""""""""""""""""""""""""""""""""""""""""""""""""""""""""""""""""""""""""""""""""""""""""""""""""""""""""""""""""",,,
"""""""""""""""""""""""""""""""""""""""""""""""""""""""""""""""""""""""""""""""""""""""""""""""""""""""""""""""""""""""""""""",,,
"""""""""""""""""""""""""""""""""""""""""""""""""""""""""""""""""""""""""""""""""""""""""""""""""""""""""""""""""""""""""""""",,,
"""""""""""""""""""""""""""""""""""""""""""""""""""""""""""""""""""""""""""""""""""""""""""""""""""""""""""""""""""""""""""""",,,
"""""""""""""""""""""""""""""""""""""""""""""""""""""""""""""""""""""""""""""""""""""""""""""""""""""""""""""""""""""""""""""",,,
42.9,,,
57.1,,,
42.9,,,
38.1,,,
16.7,,,
2.4,,,
"""""""""""""""""""""""""""""""""""""""""""""""""""""""""""""""""""""""""""""""""""""""""""""""""""""""""""""""""""""""""""""",,,
"""""""""""""""""""""""""""""""""""""""""""""""""""""""""""""""""""""""""""""""""""""""""""""""""""""""""""""""""""""""""""""",,,
42.2,,,
32.8,,,
15.6,,,
3.1,,,
"""""""""""""""""""""""""""""""""""""""""""""""""""""""""""""""""""""""""""""""""""""""""""""""""""""""""""""""""""""""""""""",,,
6.3,,,
50,,,
50,,,
"""""""""""""""""""""""""""""""""""""""""""""""""""""""""""""""""""""""""""""""""""""""""""""""""""""""""""""""""""""""""""""",,,
"""""""""""""""""""""""""""""""""""""""""""""""""""""""""""""""""""""""""""""""""""""""""""""""""""""""""""""""""""""""""""""",,,
"""""""""""""""""""""""""""""""""""""""""""""""""""""""""""""""""""""""""""""""""""""""""""""""""""""""""""""""""""""""""""""",,,
"""""""""""""""""""""""""""""""""""""""""""""""""""""""""""""""""""""""""""""""""""""""""""""""""""""""""""""""""""""""""""""",,,
"""""""""""""""""""""""""""""""""""""""""""""""""""""""""""""""""""""""""""""""""""""""""""""""""""""""""""""""""""""""""""""",,,
"""""""""""""""""""""""""""""""""""""""""""""""""""""""""""""""""""""""""""""""""""""""""""""""""""""""""""""""""""""""""""""",,,
"""""""""""""""""""""""""""""""""""""""""""""""""""""""""""""""""""""""""""""""""""""""""""""""""""""""""""""""""""""""""""""",,,
"""""""""""""""""""""""""""""""""""""""""""""""""""""""""""""""""""""""""""""""""""""""""""""""""""""""""""""""""""""""""""""",,,
"""""""""""""""""""""""""""""""""""""""""""""""""""""""""""""""""""""""""""""""""""""""""""""""""""""""""""""""""""""""""""""",,,
"""""""""""""""""""""""""""""""""""""""""""""""""""""""""""""""""""""""""""""""""""""""""""""""""""""""""""""""""""""""""""""",,,
"""""""""""""""""""""""""""""""""""""""""""""""""""""""""""""""""""""""""""""""""""""""""""""""""""""""""""""""""""""""""""""",,,
"""""""""""""""""""""""""""""""""""""""""""""""""""""""""""""""""""""""""""""""""""""""""""""""""""""""""""""""""""""""""""""",,,
"""""""""""""""""""""""""""""""""""""""""""""""""""""""""""""""""""""""""""""""""""""""""""""""""""""""""""""""""""""""""""""",,,
"""""""""""""""""""""""""""""""""""""""""""""""""""""""""""""""""""""""""""""""""""""""""""""""""""""""""""""""""""""""""""""",,,
"""""""""""""""""""""""""""""""""""""""""""""""""""""""""""""""""""""""""""""""""""""""""""""""""""""""""""""""""""""""""""""",,,
"""""""""""""""""""""""""""""""""""""""""""""""""""""""""""""""""""""""""""""""""""""""""""""""""""""""""""""""""""""""""""""",,,
"""""""""""""""""""""""""""""""""""""""""""""""""""""""""""""""""""""""""""""""""""""""""""""""""""""""""""""""""""""""""""""",,,
"""""""""""""""""""""""""""""""""""""""""""""""""""""""""""""""""""""""""""""""""""""""""""""""""""""""""""""""""""""""""""""",,,
"""""""""""""""""""""""""""""""""""""""""""""""""""""""""""""""""""""""""""""""""""""""""""""""""""""""""""""""""""""""""""""",,,
"""""""""""""""""""""""""""""""""""""""""""""""""""""""""""""""""""""""""""""""""""""""""""""""""""""""""""""""""""""""""""""",,,
45.8,,,
54.2,,,
63.3,,,
25.8,,,
3.3,,,
5,,,
"""""""""""""""""""""""""""""""""""""""""""""""""""""""""""""""""""""""""""""""""""""""""""""""""""""""""""""""""""""""""""""",,,
2.5,,,
53.8,,,
32.7,,,
5.8,,,
1.9,,,
"""""""""""""""""""""""""""""""""""""""""""""""""""""""""""""""""""""""""""""""""""""""""""""""""""""""""""""""""""""""""""""",,,
5.8,,,
53.8,,,
46.2,,,
"""""""""""""""""""""""""""""""""""""""""""""""""""""""""""""""""""""""""""""""""""""""""""""""""""""""""""""""""""""""""""""",,,
"""""""""""""""""""""""""""""""""""""""""""""""""""""""""""""""""""""""""""""""""""""""""""""""""""""""""""""""""""""""""""""",,,
"""""""""""""""""""""""""""""""""""""""""""""""""""""""""""""""""""""""""""""""""""""""""""""""""""""""""""""""""""""""""""""",,,
"""""""""""""""""""""""""""""""""""""""""""""""""""""""""""""""""""""""""""""""""""""""""""""""""""""""""""""""""""""""""""""",,,
"""""""""""""""""""""""""""""""""""""""""""""""""""""""""""""""""""""""""""""""""""""""""""""""""""""""""""""""""""""""""""""",,,
"""""""""""""""""""""""""""""""""""""""""""""""""""""""""""""""""""""""""""""""""""""""""""""""""""""""""""""""""""""""""""""",,,
"""""""""""""""""""""""""""""""""""""""""""""""""""""""""""""""""""""""""""""""""""""""""""""""""""""""""""""""""""""""""""""",,,
"""""""""""""""""""""""""""""""""""""""""""""""""""""""""""""""""""""""""""""""""""""""""""""""""""""""""""""""""""""""""""""",,,
"""""""""""""""""""""""""""""""""""""""""""""""""""""""""""""""""""""""""""""""""""""""""""""""""""""""""""""""""""""""""""""",,,
"""""""""""""""""""""""""""""""""""""""""""""""""""""""""""""""""""""""""""""""""""""""""""""""""""""""""""""""""""""""""""""",,,
"""""""""""""""""""""""""""""""""""""""""""""""""""""""""""""""""""""""""""""""""""""""""""""""""""""""""""""""""""""""""""""",,,
"""""""""""""""""""""""""""""""""""""""""""""""""""""""""""""""""""""""""""""""""""""""""""""""""""""""""""""""""""""""""""""",,,
"""""""""""""""""""""""""""""""""""""""""""""""""""""""""""""""""""""""""""""""""""""""""""""""""""""""""""""""""""""""""""""",,,
"""""""""""""""""""""""""""""""""""""""""""""""""""""""""""""""""""""""""""""""""""""""""""""""""""""""""""""""""""""""""""""",,,
"""""""""""""""""""""""""""""""""""""""""""""""""""""""""""""""""""""""""""""""""""""""""""""""""""""""""""""""""""""""""""""",,,
"""""""""""""""""""""""""""""""""""""""""""""""""""""""""""""""""""""""""""""""""""""""""""""""""""""""""""""""""""""""""""""",,,
"""""""""""""""""""""""""""""""""""""""""""""""""""""""""""""""""""""""""""""""""""""""""""""""""""""""""""""""""""""""""""""",,,
"""""""""""""""""""""""""""""""""""""""""""""""""""""""""""""""""""""""""""""""""""""""""""""""""""""""""""""""""""""""""""""",,,
"""""""""""""""""""""""""""""""""""""""""""""""""""""""""""""""""""""""""""""""""""""""""""""""""""""""""""""""""""""""""""""",,,
"""""""""""""""""""""""""""""""""""""""""""""""""""""""""""""""""""""""""""""""""""""""""""""""""""""""""""""""""""""""""""""",,,
34.1,,,
65.9,,,
73.2,,,
17.1,,,
2.4,,,
7.3,,,
"""""""""""""""""""""""""""""""""""""""""""""""""""""""""""""""""""""""""""""""""""""""""""""""""""""""""""""""""""""""""""""",,,
"""""""""""""""""""""""""""""""""""""""""""""""""""""""""""""""""""""""""""""""""""""""""""""""""""""""""""""""""""""""""""""",,,
66.7,,,
25.9,,,
"""""""""""""""""""""""""""""""""""""""""""""""""""""""""""""""""""""""""""""""""""""""""""""""""""""""""""""""""""""""""""""",,,
7.4,,,
"""""""""""""""""""""""""""""""""""""""""""""""""""""""""""""""""""""""""""""""""""""""""""""""""""""""""""""""""""""""""""""",,,
"""""""""""""""""""""""""""""""""""""""""""""""""""""""""""""""""""""""""""""""""""""""""""""""""""""""""""""""""""""""""""""",,,
48.1,,,
51.9,,,
"""""""""""""""""""""""""""""""""""""""""""""""""""""""""""""""""""""""""""""""""""""""""""""""""""""""""""""""""""""""""""""",,,
"""""""""""""""""""""""""""""""""""""""""""""""""""""""""""""""""""""""""""""""""""""""""""""""""""""""""""""""""""""""""""""",,,
"""""""""""""""""""""""""""""""""""""""""""""""""""""""""""""""""""""""""""""""""""""""""""""""""""""""""""""""""""""""""""""",,,
"""""""""""""""""""""""""""""""""""""""""""""""""""""""""""""""""""""""""""""""""""""""""""""""""""""""""""""""""""""""""""""",,,
"""""""""""""""""""""""""""""""""""""""""""""""""""""""""""""""""""""""""""""""""""""""""""""""""""""""""""""""""""""""""""""",,,
"""""""""""""""""""""""""""""""""""""""""""""""""""""""""""""""""""""""""""""""""""""""""""""""""""""""""""""""""""""""""""""",,,
"""""""""""""""""""""""""""""""""""""""""""""""""""""""""""""""""""""""""""""""""""""""""""""""""""""""""""""""""""""""""""""",,,
"""""""""""""""""""""""""""""""""""""""""""""""""""""""""""""""""""""""""""""""""""""""""""""""""""""""""""""""""""""""""""""",,,
"""""""""""""""""""""""""""""""""""""""""""""""""""""""""""""""""""""""""""""""""""""""""""""""""""""""""""""""""""""""""""""",,,
"""""""""""""""""""""""""""""""""""""""""""""""""""""""""""""""""""""""""""""""""""""""""""""""""""""""""""""""""""""""""""""",,,
"""""""""""""""""""""""""""""""""""""""""""""""""""""""""""""""""""""""""""""""""""""""""""""""""""""""""""""""""""""""""""""",,,
"""""""""""""""""""""""""""""""""""""""""""""""""""""""""""""""""""""""""""""""""""""""""""""""""""""""""""""""""""""""""""""",,,
"""""""""""""""""""""""""""""""""""""""""""""""""""""""""""""""""""""""""""""""""""""""""""""""""""""""""""""""""""""""""""""",,,
"""""""""""""""""""""""""""""""""""""""""""""""""""""""""""""""""""""""""""""""""""""""""""""""""""""""""""""""""""""""""""""",,,
"""""""""""""""""""""""""""""""""""""""""""""""""""""""""""""""""""""""""""""""""""""""""""""""""""""""""""""""""""""""""""""",,,
"""""""""""""""""""""""""""""""""""""""""""""""""""""""""""""""""""""""""""""""""""""""""""""""""""""""""""""""""""""""""""""",,,
"""""""""""""""""""""""""""""""""""""""""""""""""""""""""""""""""""""""""""""""""""""""""""""""""""""""""""""""""""""""""""""",,,
"""""""""""""""""""""""""""""""""""""""""""""""""""""""""""""""""""""""""""""""""""""""""""""""""""""""""""""""""""""""""""""",,,
47.2,,,
52.8,,,
52.3,,,
29.8,,,
10.2,,,
3.8,,,
0.4,,,
3.4,,,
2.6,,,
1.3,,,
17.9,,,
27.2,,,
51.1,,,
"""""""""""""""""""""""""""""""""""""""""""""""""""""""""""""""""""""""""""""""""""""""""""""""""""""""""""""""""""""""""""""",,,
"""""""""""""""""""""""""""""""""""""""""""""""""""""""""""""""""""""""""""""""""""""""""""""""""""""""""""""""""""""""""""""",,,
54.3,,,
45.7,,,
32.5,,,
27.2,,,
26.8,,,
3.9,,,
1.9,,,
7.8,,,
22,,,
78,,,
4.7,,,
95.3,,,
9.7,,,
90.3,,,
"""""""""""""""""""""""""""""""""""""""""""""""""""""""""""""""""""""""""""""""""""""""""""""""""""""""""""""""""""""""""""""",,,
100,,,
59.4,,,
40.6,,,
74,,,
26,,,
3.8,,,
96.2,,,
14.2,,,
85.8,,,
0.3,,,
99.7,,,
11.7,,,
88.3,,,
34.7,,,
65.3,,,
32.9,,,
30.5,,,
24.6,,,
3.9,,,
2.1,,,
6.1,,,
51.7,,,
26.4,,,
12.9,,,
2.9,,,
1.6,,,
4.5,,,
50.5,,,
49.5,,,
17.1,,,
82.9,,,
2.3,,,
97.7,,,
27.6,,,
72.4,,,
8.3,,,
91.7,,,
80.2,,,
19.8,,,
83.3,,,
16.7,,,
4.3,,,
95.7,,,
28.1,,,
71.9,,,
4.1,,,
95.9,,,
11.8,,,
88.2,,,
46.2,,,
53.8,,,
67.1,,,
11,,,
12.1,,,
4.3,,,
1.2,,,
4.3,,,
60.7,,,
15.5,,,
13.7,,,
3.9,,,
2,,,
4.2,,,
49.3,,,
50.7,,,
12.9,,,
87.1,,,
3.2,,,
96.8,,,
26.1,,,
73.9,,,
5.1,,,
94.9,,,
81.2,,,
18.8,,,
83.1,,,
16.9,,,
4.7,,,
95.3,,,
28.4,,,
71.6,,,
4.8,,,
95.2,,,
12.3,,,
87.7,,,
45.3,,,
54.7,,,
68.7,,,
8.9,,,
12.7,,,
4.4,,,
0.8,,,
4.5,,,
75.1,,,
7,,,
8.5,,,
4.6,,,
0.6,,,
4.2,,,
42.5,,,
57.5,,,
9.3,,,
90.7,,,
4.4,,,
95.6,,,
30.7,,,
69.3,,,
2.3,,,
97.7,,,
86.8,,,
13.2,,,
2.3,,,
97.7,,,
21.9,,,
78.1,,,
77,,,
23,,,
4.9,,,
95.1,,,
14.3,,,
85.7,,,
51.2,,,
20.7,,,
17.4,,,
3.9,,,
1.6,,,
5.3,,,
45.5,,,
54.5,,,
7.2,,,
8.2,,,
23.3,,,
17.3,,,
44,,,
31.2,,,
28.6,,,
25,,,
6,,,
1.3,,,
7.9,,,
57,,,
43,,,
18.4,,,
81.6,,,
4.7,,,
95.3,,,
22.4,,,
77.6,,,
62.6,,,
37.4,,,
0.4,,,
99.6,,,
20.8,,,
79.2,,,
0.9,,,
99.1,,,
78.6,,,
21.4,,,
5.5,,,
94.5,,,
13.9,,,
86.1,,,
35,,,
33.4,,,
20.6,,,
4.4,,,
1.3,,,
5.2,,,
37.8,,,
62.2,,,
48,,,
52,,,
52.2,,,
30,,,
9.8,,,
2.9,,,
1,,,
4.2,,,
17.9,,,
82.1,,,
7.6,,,
92.4,,,
86.1,,,
13.9,,,
3.2,,,
96.8,,,
28.9,,,
71.1,,,
28,,,
72,,,
4.2,,,
95.8,,,
87,,,
13,,,
4.8,,,
95.2,,,
13.5,,,
86.5,,,
68.7,,,
15,,,
7.7,,,
4.4,,,
0.6,,,
3.6,,,
44,,,
56,,,
46.4,,,
53.6,,,
62.8,,,
20.3,,,
8.7,,,
4.1,,,
0.6,,,
3.5,,,
17.4,,,
82.6,,,
7.1,,,
92.9,,,
87.2,,,
12.8,,,
3.4,,,
96.6,,,
27.1,,,
72.9,,,
26.9,,,
73.1,,,
4.7,,,
95.3,,,
86.6,,,
13.4,,,
3.5,,,
96.5,,,
12,,,
88,,,
71.9,,,
12.4,,,
6.7,,,
4.5,,,
0.8,,,
3.6,,,
44.4,,,
55.6,,,
38.6,,,
61.4,,,
74.7,,,
9.1,,,
7.4,,,
4.5,,,
0.4,,,
3.9,,,
8.8,,,
91.2,,,
2.7,,,
97.3,,,
87.2,,,
12.8,,,
4.9,,,
95.1,,,
31.6,,,
68.4,,,
26,,,
74,,,
5.5,,,
94.5,,,
15.2,,,
84.8,,,
45.6,,,
54.4,,,
53.2,,,
23.6,,,
13.2,,,
4.3,,,
0.9,,,
4.7,,,
2.8,,,
97.2,,,
81.5,,,
18.5,,,
7.5,,,
7.6,,,
19.3,,,
20.4,,,
45.2,,,
57.9,,,
42.1,,,
31.5,,,
31.5,,,
24.8,,,
5.3,,,
1.1,,,
5.8,,,
19,,,
81,,,
3.9,,,
96.1,,,
20.7,,,
79.3,,,
0.6,,,
99.4,,,
59.5,,,
40.5,,,
83.7,,,
16.3,,,
1.5,,,
98.5,,,
23.5,,,
76.5,,,
15,,,
85,,,
5.9,,,
94.1,,,
41.4,,,
58.6,,,
34,,,
38.1,,,
18,,,
4.1,,,
1.4,,,
4.4,,,
50.1,,,
32.2,,,
9.9,,,
3.2,,,
1,,,
3.6,,,
50.1,,,
49.9,,,
6.1,,,
93.9,,,
16.6,,,
83.4,,,
29,,,
71,,,
2.7,,,
97.3,,,
85.9,,,
14.1,,,
88.1,,,
11.9,,,
4.3,,,
95.7,,,
29.2,,,
70.8,,,
14.2,,,
85.8,,,
4.7,,,
95.3,,,
45.3,,,
54.7,,,
66.5,,,
17.9,,,
6.5,,,
5.3,,,
0.6,,,
3.2,,,
60.6,,,
23.5,,,
6.9,,,
4.7,,,
0.8,,,
3.4,,,
49.2,,,
50.8,,,
6.6,,,
93.4,,,
17.1,,,
82.9,,,
29.7,,,
70.3,,,
3.7,,,
96.3,,,
88.3,,,
11.7,,,
87.3,,,
12.7,,,
4.2,,,
95.8,,,
29,,,
71,,,
13.1,,,
86.9,,,
4.2,,,
95.8,,,
45,,,
55,,,
69.2,,,
15.3,,,
6.3,,,
5.5,,,
0.5,,,
3.2,,,
73.4,,,
11.1,,,
6,,,
6.3,,,
0.3,,,
2.9,,,
38,,,
62,,,
1.9,,,
98.1,,,
10.5,,,
89.5,,,
28.8,,,
71.2,,,
5.7,,,
94.3,,,
89.4,,,
10.6,,,
83.2,,,
16.8,,,
2.9,,,
97.1,,,
26.9,,,
73.1,,,
5.2,,,
94.8,,,
15.5,,,
84.5,,,
5.7,,,
6.5,,,
21.3,,,
22.2,,,
44.4,,,
51.7,,,
27,,,
11.9,,,
4.6,,,
0.9,,,
3.9,,,
47.1,,,
52.9,,,
0.3,,,
99.7,,,
62.4,,,
37.6,,,
36.8,,,
26.6,,,
23.8,,,
6.6,,,
1.7,,,
4.4,,,
55.9,,,
44.1,,,
17.5,,,
82.5,,,
4,,,
96,,,
22.4,,,
77.6,,,
1.2,,,
98.8,,,
7.4,,,
92.6,,,
25.1,,,
74.9,,,
12,,,
88,,,
40.7,,,
59.3,,,
82.2,,,
17.8,,,
38.6,,,
33.5,,,
17.1,,,
5.7,,,
1.2,,,
3.9,,,
54,,,
28.6,,,
9.3,,,
4,,,
0.9,,,
3.1,,,
86.1,,,
13.9,,,
49.1,,,
50.9,,,
13.6,,,
86.4,,,
27.1,,,
72.9,,,
10.5,,,
89.5,,,
3,,,
97,,,
5.4,,,
94.6,,,
8.1,,,
91.9,,,
28.4,,,
71.6,,,
12.4,,,
87.6,,,
44.9,,,
55.1,,,
87.6,,,
12.4,,,
68.8,,,
17,,,
5.8,,,
5.7,,,
0.4,,,
2.4,,,
63.5,,,
22.4,,,
6.2,,,
5,,,
0.5,,,
2.3,,,
86.6,,,
13.4,,,
48.1,,,
51.9,,,
14.3,,,
85.7,,,
27.6,,,
72.4,,,
10.6,,,
89.4,,,
4.8,,,
95.2,,,
4.7,,,
95.3,,,
8.1,,,
91.9,,,
27.5,,,
72.5,,,
11.7,,,
88.3,,,
44.6,,,
55.4,,,
86.7,,,
13.3,,,
71,,,
15.2,,,
5.4,,,
5.4,,,
0.4,,,
2.5,,,
74.4,,,
10.2,,,
5.6,,,
7.3,,,
0.3,,,
2.1,,,
90.7,,,
9.3,,,
39.7,,,
60.3,,,
10.6,,,
89.4,,,
31.1,,,
68.9,,,
4.1,,,
95.9,,,
7.7,,,
92.3,,,
26.3,,,
73.7,,,
7.4,,,
92.6,,,
13.3,,,
86.7,,,
46.1,,,
53.9,,,
57.2,,,
23.4,,,
10.3,,,
5.4,,,
0.8,,,
3,,,
81,,,
19,,,
3.4,,,
96.6,,,
4.6,,,
4.8,,,
18.4,,,
21.6,,,
50.6,,,
"""""""""""""""""""""""""""""""""""""""""""""""""""""""""""""""""""""""""""""""""""""""""""""""""""""""""""""""""""""""""""""",,,
"""""""""""""""""""""""""""""""""""""""""""""""""""""""""""""""""""""""""""""""""""""""""""""""""""""""""""""""""""""""""""""",,,
"""""""""""""""""""""""""""""""""""""""""""""""""""""""""""""""""""""""""""""""""""""""""""""""""""""""""""""""""""""""""""""",,,
"""""""""""""""""""""""""""""""""""""""""""""""""""""""""""""""""""""""""""""""""""""""""""""""""""""""""""""""""""""""""""""",,,
""""""""""""""""""""""""""""""""""""""""""""""""""""""""""""""" Pneumonia Diagnosis and Antiviral Treatment not available for OH during 2024-25.""""""""""""""""""""""""""""""""""""""""""""""""""""""""""""""""""""""""""""""""""""""""""""""""""""""""""""""""""""""""""""""",,,
,ADULTS_OVERALL_PERCENT,,
,"""""""""""""""""""""""""""""""""""""""""""""""""""""""""""""""""""""""""""""""""""""""""""""""""""""""""""""""""""""""""""""",,
,44.7,,
,40.5,,
,45.2,,
,22.6,,
,12.6,,
,4.6,,
,8.2,,
,20.3,,
,"""""""""""""""""""""""""""""""""""""""""""""""""""""""""""""""""""""""""""""""""""""""""""""""""""""""""""""""""""""""""""""",,
,35.2,,
,17.8,,
,26.1,,
,23.1,,
,22.6,,
,36.1,,
,21.9,,
,58.5,,
,4.2,,
,"""""""""""""""""""""""""""""""""""""""""""""""""""""""""""""""""""""""""""""""""""""""""""""""""""""""""""""""""""""""""""""",,
,18.3,,
,44,,
,"""""""""""""""""""""""""""""""""""""""""""""""""""""""""""""""""""""""""""""""""""""""""""""""""""""""""""""""""""""""""""""",,
,"""""""""""""""""""""""""""""""""""""""""""""""""""""""""""""""""""""""""""""""""""""""""""""""""""""""""""""""""""""""""""""",,
,"""""""""""""""""""""""""""""""""""""""""""""""""""""""""""""""""""""""""""""""""""""""""""""""""""""""""""""""""""""""""""""",,
,44.8,,
,21.5,,
,20.6,,
,5.4,,
,"""""""""""""""""""""""""""""""""""""""""""""""""""""""""""""""""""""""""""""""""""""""""""""""""""""""""""""""""""""""""""""",,
,29.5,,
,"""""""""""""""""""""""""""""""""""""""""""""""""""""""""""""""""""""""""""""""""""""""""""""""""""""""""""""""""""""""""""""",,
,19,,
,"""""""""""""""""""""""""""""""""""""""""""""""""""""""""""""""""""""""""""""""""""""""""""""""""""""""""""""""""""""""""""""",,
,32,,
,4.2,,
,"""""""""""""""""""""""""""""""""""""""""""""""""""""""""""""""""""""""""""""""""""""""""""""""""""""""""""""""""""""""""""""",,
,"""""""""""""""""""""""""""""""""""""""""""""""""""""""""""""""""""""""""""""""""""""""""""""""""""""""""""""""""""""""""""""",,
,"""""""""""""""""""""""""""""""""""""""""""""""""""""""""""""""""""""""""""""""""""""""""""""""""""""""""""""""""""""""""""""",,
,41.1,,
,19.9,,
,52.7,,
,"""""""""""""""""""""""""""""""""""""""""""""""""""""""""""""""""""""""""""""""""""""""""""""""""""""""""""""""""""""""""""""",,
,28,,
,9.8,,
,21,,
,"""""""""""""""""""""""""""""""""""""""""""""""""""""""""""""""""""""""""""""""""""""""""""""""""""""""""""""""""""""""""""""",,
,27.9,,
,"""""""""""""""""""""""""""""""""""""""""""""""""""""""""""""""""""""""""""""""""""""""""""""""""""""""""""""""""""""""""""""",,
,21,,
,14.9,,
,40.2,,
,6.7,,
,15.8,,
,"""""""""""""""""""""""""""""""""""""""""""""""""""""""""""""""""""""""""""""""""""""""""""""""""""""""""""""""""""""""""""""",,
,"""""""""""""""""""""""""""""""""""""""""""""""""""""""""""""""""""""""""""""""""""""""""""""""""""""""""""""""""""""""""""""",,
,"""""""""""""""""""""""""""""""""""""""""""""""""""""""""""""""""""""""""""""""""""""""""""""""""""""""""""""""""""""""""""""",,
,"""""""""""""""""""""""""""""""""""""""""""""""""""""""""""""""""""""""""""""""""""""""""""""""""""""""""""""""""""""""""""""",,
,37,,
,5.3,,
,"""""""""""""""""""""""""""""""""""""""""""""""""""""""""""""""""""""""""""""""""""""""""""""""""""""""""""""""""""""""""""""",,
,17.6,,
,"""""""""""""""""""""""""""""""""""""""""""""""""""""""""""""""""""""""""""""""""""""""""""""""""""""""""""""""""""""""""""""",,
,35,,
,"""""""""""""""""""""""""""""""""""""""""""""""""""""""""""""""""""""""""""""""""""""""""""""""""""""""""""""""""""""""""""""",,
,"""""""""""""""""""""""""""""""""""""""""""""""""""""""""""""""""""""""""""""""""""""""""""""""""""""""""""""""""""""""""""""",,
,23.4,,
,36.3,,
,19.3,,
,"""""""""""""""""""""""""""""""""""""""""""""""""""""""""""""""""""""""""""""""""""""""""""""""""""""""""""""""""""""""""""""",,
,"""""""""""""""""""""""""""""""""""""""""""""""""""""""""""""""""""""""""""""""""""""""""""""""""""""""""""""""""""""""""""""",,
,7.7,,
,"""""""""""""""""""""""""""""""""""""""""""""""""""""""""""""""""""""""""""""""""""""""""""""""""""""""""""""""""""""""""""""",,
,"""""""""""""""""""""""""""""""""""""""""""""""""""""""""""""""""""""""""""""""""""""""""""""""""""""""""""""""""""""""""""""",,
,"""""""""""""""""""""""""""""""""""""""""""""""""""""""""""""""""""""""""""""""""""""""""""""""""""""""""""""""""""""""""""""",,
,29.9,,
,4.3,,
,37.2,,
,61.8,,
,38.5,,
,"""""""""""""""""""""""""""""""""""""""""""""""""""""""""""""""""""""""""""""""""""""""""""""""""""""""""""""""""""""""""""""",,
,23.4,,
,21,,
,7.3,,
,16.5,,
,39.1,,
,"""""""""""""""""""""""""""""""""""""""""""""""""""""""""""""""""""""""""""""""""""""""""""""""""""""""""""""""""""""""""""""",,
,16.2,,
,"""""""""""""""""""""""""""""""""""""""""""""""""""""""""""""""""""""""""""""""""""""""""""""""""""""""""""""""""""""""""""""",,
,20.4,,
,35.6,,
,19.5,,
,47.2,,
,"""""""""""""""""""""""""""""""""""""""""""""""""""""""""""""""""""""""""""""""""""""""""""""""""""""""""""""""""""""""""""""",,
,"""""""""""""""""""""""""""""""""""""""""""""""""""""""""""""""""""""""""""""""""""""""""""""""""""""""""""""""""""""""""""""",,
,"""""""""""""""""""""""""""""""""""""""""""""""""""""""""""""""""""""""""""""""""""""""""""""""""""""""""""""""""""""""""""""",,
,5.9,,
,16.7,,
,11.9,,
,29.1,,
,"""""""""""""""""""""""""""""""""""""""""""""""""""""""""""""""""""""""""""""""""""""""""""""""""""""""""""""""""""""""""""""",,
,12.4,,
,19.4,,
,5,,
,32.8,,
,"""""""""""""""""""""""""""""""""""""""""""""""""""""""""""""""""""""""""""""""""""""""""""""""""""""""""""""""""""""""""""""",,
,33.6,,
,37.2,,
,"""""""""""""""""""""""""""""""""""""""""""""""""""""""""""""""""""""""""""""""""""""""""""""""""""""""""""""""""""""""""""""",,
,"""""""""""""""""""""""""""""""""""""""""""""""""""""""""""""""""""""""""""""""""""""""""""""""""""""""""""""""""""""""""""""",,
,5.3,,
,14.6,,
,17.6,,
,18.8,,
,10.6,,
,18.6,,
,7.8,,
,13.4,,
,"""""""""""""""""""""""""""""""""""""""""""""""""""""""""""""""""""""""""""""""""""""""""""""""""""""""""""""""""""""""""""""",,
,26.9,,
,"""""""""""""""""""""""""""""""""""""""""""""""""""""""""""""""""""""""""""""""""""""""""""""""""""""""""""""""""""""""""""""",,
,"""""""""""""""""""""""""""""""""""""""""""""""""""""""""""""""""""""""""""""""""""""""""""""""""""""""""""""""""""""""""""""",,
,32.5,,
,44.2,,
,"""""""""""""""""""""""""""""""""""""""""""""""""""""""""""""""""""""""""""""""""""""""""""""""""""""""""""""""""""""""""""""",,
,"""""""""""""""""""""""""""""""""""""""""""""""""""""""""""""""""""""""""""""""""""""""""""""""""""""""""""""""""""""""""""""",,
,19.8,,
,16.5,,
,"""""""""""""""""""""""""""""""""""""""""""""""""""""""""""""""""""""""""""""""""""""""""""""""""""""""""""""""""""""""""""""",,
,37.4,,
,27.4,,
,6.6,,
,24.5,,
,5.7,,
,17.5,,
,"""""""""""""""""""""""""""""""""""""""""""""""""""""""""""""""""""""""""""""""""""""""""""""""""""""""""""""""""""""""""""""",,
,19.2,,
,29.6,,
,"""""""""""""""""""""""""""""""""""""""""""""""""""""""""""""""""""""""""""""""""""""""""""""""""""""""""""""""""""""""""""""",,
,"""""""""""""""""""""""""""""""""""""""""""""""""""""""""""""""""""""""""""""""""""""""""""""""""""""""""""""""""""""""""""""",,
,"""""""""""""""""""""""""""""""""""""""""""""""""""""""""""""""""""""""""""""""""""""""""""""""""""""""""""""""""""""""""""""",,
,21.1,,
,44.4,,
,"""""""""""""""""""""""""""""""""""""""""""""""""""""""""""""""""""""""""""""""""""""""""""""""""""""""""""""""""""""""""""""",,
,16.2,,
,4.7,,
,6.4,,
,33.9,,
,22.9,,
,7,,
,40.8,,
,"""""""""""""""""""""""""""""""""""""""""""""""""""""""""""""""""""""""""""""""""""""""""""""""""""""""""""""""""""""""""""""",,
,26.1,,
,"""""""""""""""""""""""""""""""""""""""""""""""""""""""""""""""""""""""""""""""""""""""""""""""""""""""""""""""""""""""""""""",,
,11,,
,29.5,,
,20.5,,
,"""""""""""""""""""""""""""""""""""""""""""""""""""""""""""""""""""""""""""""""""""""""""""""""""""""""""""""""""""""""""""""",,
,44.7,,
,"""""""""""""""""""""""""""""""""""""""""""""""""""""""""""""""""""""""""""""""""""""""""""""""""""""""""""""""""""""""""""""",,
,13,,
,17.4,,
,48.4,,
,35.3,,
,"""""""""""""""""""""""""""""""""""""""""""""""""""""""""""""""""""""""""""""""""""""""""""""""""""""""""""""""""""""""""""""",,
,3.4,,
,"""""""""""""""""""""""""""""""""""""""""""""""""""""""""""""""""""""""""""""""""""""""""""""""""""""""""""""""""""""""""""""",,
,10.6,,
,28.8,,
,36.8,,
,34.1,,
,"""""""""""""""""""""""""""""""""""""""""""""""""""""""""""""""""""""""""""""""""""""""""""""""""""""""""""""""""""""""""""""",,
,21.6,,
,"""""""""""""""""""""""""""""""""""""""""""""""""""""""""""""""""""""""""""""""""""""""""""""""""""""""""""""""""""""""""""""",,
,"""""""""""""""""""""""""""""""""""""""""""""""""""""""""""""""""""""""""""""""""""""""""""""""""""""""""""""""""""""""""""""",,
,17.7,,
,6.3,,
,39.1,,
,"""""""""""""""""""""""""""""""""""""""""""""""""""""""""""""""""""""""""""""""""""""""""""""""""""""""""""""""""""""""""""""",,
,29,,
,16,,
,39,,
,49.3,,
,63.8,,
,2.2,,
,"""""""""""""""""""""""""""""""""""""""""""""""""""""""""""""""""""""""""""""""""""""""""""""""""""""""""""""""""""""""""""""",,
,"""""""""""""""""""""""""""""""""""""""""""""""""""""""""""""""""""""""""""""""""""""""""""""""""""""""""""""""""""""""""""""",,
,20.2,,
,43.5,,
,31.2,,
,"""""""""""""""""""""""""""""""""""""""""""""""""""""""""""""""""""""""""""""""""""""""""""""""""""""""""""""""""""""""""""""",,
,"""""""""""""""""""""""""""""""""""""""""""""""""""""""""""""""""""""""""""""""""""""""""""""""""""""""""""""""""""""""""""""",,
,21.8,,
,9,,
,39,,
,"""""""""""""""""""""""""""""""""""""""""""""""""""""""""""""""""""""""""""""""""""""""""""""""""""""""""""""""""""""""""""""",,
,16,,
,4.6,,
,"""""""""""""""""""""""""""""""""""""""""""""""""""""""""""""""""""""""""""""""""""""""""""""""""""""""""""""""""""""""""""""",,
,35.7,,
,51.3,,
,15.6,,
,"""""""""""""""""""""""""""""""""""""""""""""""""""""""""""""""""""""""""""""""""""""""""""""""""""""""""""""""""""""""""""""",,
,"""""""""""""""""""""""""""""""""""""""""""""""""""""""""""""""""""""""""""""""""""""""""""""""""""""""""""""""""""""""""""""",,
,12.7,,
,23.1,,
,4.7,,
,12,,
,20,,
,21.6,,
,"""""""""""""""""""""""""""""""""""""""""""""""""""""""""""""""""""""""""""""""""""""""""""""""""""""""""""""""""""""""""""""",,
,42.3,,
,12.3,,
,21.7,,
,29.1,,
,46.3,,
,"""""""""""""""""""""""""""""""""""""""""""""""""""""""""""""""""""""""""""""""""""""""""""""""""""""""""""""""""""""""""""""",,
,41.2,,
,19.7,,
,"""""""""""""""""""""""""""""""""""""""""""""""""""""""""""""""""""""""""""""""""""""""""""""""""""""""""""""""""""""""""""""",,
,"""""""""""""""""""""""""""""""""""""""""""""""""""""""""""""""""""""""""""""""""""""""""""""""""""""""""""""""""""""""""""""",,
,37.1,,
,21.6,,
,19.1,,
,23.1,,
,2.2,,
,"""""""""""""""""""""""""""""""""""""""""""""""""""""""""""""""""""""""""""""""""""""""""""""""""""""""""""""""""""""""""""""",,
,21.3,,
,"""""""""""""""""""""""""""""""""""""""""""""""""""""""""""""""""""""""""""""""""""""""""""""""""""""""""""""""""""""""""""""",,
,"""""""""""""""""""""""""""""""""""""""""""""""""""""""""""""""""""""""""""""""""""""""""""""""""""""""""""""""""""""""""""""",,
,6.6,,
,44,,
,"""""""""""""""""""""""""""""""""""""""""""""""""""""""""""""""""""""""""""""""""""""""""""""""""""""""""""""""""""""""""""""",,
,"""""""""""""""""""""""""""""""""""""""""""""""""""""""""""""""""""""""""""""""""""""""""""""""""""""""""""""""""""""""""""""",,
,62,,
,18.4,,
,"""""""""""""""""""""""""""""""""""""""""""""""""""""""""""""""""""""""""""""""""""""""""""""""""""""""""""""""""""""""""""""",,
,"""""""""""""""""""""""""""""""""""""""""""""""""""""""""""""""""""""""""""""""""""""""""""""""""""""""""""""""""""""""""""""",,
,21.3,,
,7,,
,17.4,,
,40.7,,
,17.2,,
,19.9,,
,40.3,,
,"""""""""""""""""""""""""""""""""""""""""""""""""""""""""""""""""""""""""""""""""""""""""""""""""""""""""""""""""""""""""""""",,
,22.4,,
,"""""""""""""""""""""""""""""""""""""""""""""""""""""""""""""""""""""""""""""""""""""""""""""""""""""""""""""""""""""""""""""",,
,8.6,,
,46.5,,
,"""""""""""""""""""""""""""""""""""""""""""""""""""""""""""""""""""""""""""""""""""""""""""""""""""""""""""""""""""""""""""""",,
,"""""""""""""""""""""""""""""""""""""""""""""""""""""""""""""""""""""""""""""""""""""""""""""""""""""""""""""""""""""""""""""",,
,"""""""""""""""""""""""""""""""""""""""""""""""""""""""""""""""""""""""""""""""""""""""""""""""""""""""""""""""""""""""""""""",,
,30.2,,
,6.2,,
,21.5,,
,18.3,,
,"""""""""""""""""""""""""""""""""""""""""""""""""""""""""""""""""""""""""""""""""""""""""""""""""""""""""""""""""""""""""""""",,
,15.3,,
,35.5,,
,"""""""""""""""""""""""""""""""""""""""""""""""""""""""""""""""""""""""""""""""""""""""""""""""""""""""""""""""""""""""""""""",,
,"""""""""""""""""""""""""""""""""""""""""""""""""""""""""""""""""""""""""""""""""""""""""""""""""""""""""""""""""""""""""""""",,
,22.7,,
,51.4,,
,"""""""""""""""""""""""""""""""""""""""""""""""""""""""""""""""""""""""""""""""""""""""""""""""""""""""""""""""""""""""""""""",,
,40.8,,
,19.5,,
,"""""""""""""""""""""""""""""""""""""""""""""""""""""""""""""""""""""""""""""""""""""""""""""""""""""""""""""""""""""""""""""",,
,3.8,,
,"""""""""""""""""""""""""""""""""""""""""""""""""""""""""""""""""""""""""""""""""""""""""""""""""""""""""""""""""""""""""""""",,
,"""""""""""""""""""""""""""""""""""""""""""""""""""""""""""""""""""""""""""""""""""""""""""""""""""""""""""""""""""""""""""""",,
,"""""""""""""""""""""""""""""""""""""""""""""""""""""""""""""""""""""""""""""""""""""""""""""""""""""""""""""""""""""""""""""",,
,"""""""""""""""""""""""""""""""""""""""""""""""""""""""""""""""""""""""""""""""""""""""""""""""""""""""""""""""""""""""""""""",,
,"""""""""""""""""""""""""""""""""""""""""""""""""""""""""""""""""""""""""""""""""""""""""""""""""""""""""""""""""""""""""""""",,
,"""""""""""""""""""""""""""""""""""""""""""""""""""""""""""""""""""""""""""""""""""""""""""""""""""""""""""""""""""""""""""""",,
,"""""""""""""""""""""""""""""""""""""""""""""""""""""""""""""""""""""""""""""""""""""""""""""""""""""""""""""""""""""""""""""",,
,"""""""""""""""""""""""""""""""""""""""""""""""""""""""""""""""""""""""""""""""""""""""""""""""""""""""""""""""""""""""""""""",,
,"""""""""""""""""""""""""""""""""""""""""""""""""""""""""""""""""""""""""""""""""""""""""""""""""""""""""""""""""""""""""""""",,
,"""""""""""""""""""""""""""""""""""""""""""""""""""""""""""""""""""""""""""""""""""""""""""""""""""""""""""""""""""""""""""""",,
,"""""""""""""""""""""""""""""""""""""""""""""""""""""""""""""""""""""""""""""""""""""""""""""""""""""""""""""""""""""""""""""",,
,"""""""""""""""""""""""""""""""""""""""""""""""""""""""""""""""""""""""""""""""""""""""""""""""""""""""""""""""""""""""""""""",,
,"""""""""""""""""""""""""""""""""""""""""""""""""""""""""""""""""""""""""""""""""""""""""""""""""""""""""""""""""""""""""""""",,
,"""""""""""""""""""""""""""""""""""""""""""""""""""""""""""""""""""""""""""""""""""""""""""""""""""""""""""""""""""""""""""""",,
,"""""""""""""""""""""""""""""""""""""""""""""""""""""""""""""""""""""""""""""""""""""""""""""""""""""""""""""""""""""""""""""",,
,"""""""""""""""""""""""""""""""""""""""""""""""""""""""""""""""""""""""""""""""""""""""""""""""""""""""""""""""""""""""""""""",,
,,65+ YR,
,,0,
,,0,
,,0,
,,0,
,,0,
,,0,
,,0,
,,0,
,,0,
,,0,
,,0,
,,0,
,,0,
,,0,
,,0,
,,0,
,,0,
,,0,
,,0,
,,0,
,,0,
,,0,
,,0,
,,0,
,,0,
,,0,
,,0,
,,0,
,,0,
,,0,
,,0,
,,0,
,,0,
,,0,
,,0,
,,0,
,,0,
,,0,
,,0,
,,0,
,,0,
,,0,
,,0,
,,0,
,,0,
,,0,
,,0,
,,0,
,,0,
,,0,
,,0,
,,0,
,,0,
,,0,
,,0,
,,0,
,,0,
,,0,
,,0,
,,0,
,,0,
,,0,
,,0,
,,0,
,,0,
,,0,
,,1,
,,2,
,,1,
,,3,
,,7,
,,4,
,,12,
,,30,
,,29,
,,20,
,,23,
,,25,
,,49,
,,52,
,,66,
,,64,
,,69,
,,80,
,,68,
,,54,
,,29,
,,16,
,,8,
,,6,
,,6,
,,1,
,,0,
,,1,
,,1,
,,1,
,,3,
,,2,
,,3,
,,6,
,,5,
,,4,
,,12,
,,5,
,,11,
,,13,
,,17,
,,17,
,,15,
,,19,
,,17,
,,27,
,,32,
,,28,
,,24,
,,21,
,,21,
,,10,
,,12,
,,16,
,,11,
,,1,
,,0,
,,0,
,,2,
,,6,
,,5,
,,4,
,,5,
,,9,
,,11,
,,6,
,,9,
,,16,
,,15,
,,19,
,,20,
,,44,
,,71,
,,132,
,,165,
,,238,
,,229,
,,201,
,,171,
,,134,
,,88,
,,64,
,,35,
,,35,
,,14,
,,0,
,,0,
,,2,
,,4,
,,3,
,,3,
,,4,
,,2,
,,4,
,,9,
,,3,
,,1,
,,9,
,,2,
,,6,
,,12,
,,8,
,,22,
,,21,
,,35,
,,30,
,,27,
,,19,
,,34,
,,17,
,,30,
,,11,
,,8,
,,3,
,,12,
,,17,
,,15,
,,21,
,,26,
,,67,
,,67,
,,95,
,,84,
,,66,
,,48,
,,47,
,,32,
,,25,
,,8,
,,9,
,,17,
,,13,
,,9,
,,12,
,,8,
,,4,
,,8,
,,7,
,,4,
,,6,
,,3,
,,0,
,,4,
,,5,
,,5,
,,3,
,,1,
,,0,
,,1,
,,4,
,,5,
,,6,
,,5,
,,3,
,,3,
,,4,
,,8,
,,18,
,,21,
,,30,
,,50,
,,99,
,,85,
,,88,
,,100,
,,147,
,,173,
,,130,
,,216,
,,197,
,,202,
,,155,
,,138,
,,79,
,,67,
,,50,
,,39,
,,23,
,,16,
,,2,
,,2,
,,2,
,,1,
,,3,
,,0,
,,1,
,,5,
,,1,
,,2,
,,5,
,,3,
,,11,
,,10,
,,10,
,,10,
,,16,
,,27,
,,19,
,,32,
,,37,
,,70,
,,87,
,,128,
,,106,
,,87,
,,75,
,,93,
,,85,
,,45,
,,4,
,,2,
,,6,
,,4,
,,5,
,,20,
,,18,
,,40,
,,87,
,,115,
,,254,
,,419,
,,832,
,,895,
,,823,
,,564,
,,477,
,,385,
,,289,
,,234,
,,129,
,,155,
,,117,
,,88,
,,73,
,,58,
,,54,
,,44,
,,13,
,,17,
,,4,
,,9,
,,12,
,,8,
,,10,
,,10,
,,11,
,,18,
,,27,
,,54,
,,59,
,,115,
,,218,
,,311,
,,260,
,,218,
,,185,
,,170,
,,141,
,,96,
,,99,
,,87,
,,76,
,,89,
,,103,
,,80,
,,87,
,,111,
,,85,
,,112,
,,11,
,,14,
,,23,
,,11,
,,6,
,,16,
,,28,
,,63,
,,156,
,,322,
,,577,
,,952,
,,1613,
,,1631,
,,1164,
,,780,
,,555,
,,493,
,,468,
,,338,
,,256,
,,215,
,,187,
,,176,
,,169,
,,143,
,,137,
,,146,
,,111,
,,66,
,,35,
,,14,
,,12,
,,10,
,,6,
,,9,
,,8,
,,9,
,,10,
,,8,
,,14,
,,20,
,,33,
,,22,
,,51,
,,40,
,,43,
,,58,
,,77,
,,123,
,,167,
,,193,
,,296,
,,389,
,,312,
,,286,
,,279,
,,210,
,,165,
,,141,
,,90,
,,12,
,,15,
,,16,
,,22,
,,29,
,,30,
,,31,
,,43,
,,66,
,,99,
,,116,
,,273,
,,629,
,,816,
,,691,
,,665,
,,562,
,,635,
,,774,
,,828,
,,885,
,,556,
,,474,
,,433,
,,482,
,,402,
,,334,
,,240,
,,147,
,,94,
,,17,
,,19,
,,42,
,,34,
,,37,
,,48,
,,64,
,,112,
,,197,
,,229,
,,372,
,,772,
,,1519,
,,1906,
,,1706,
,,1567,
,,1447,
,,1259,
,,1042,
,,1007,
,,867,
,,595,
,,469,
,,494,
,,356,
,,378,
,,316,
,,231,
,,172,
,,159,
,,9,
,,11,
,,14,
,,14,
,,19,
,,21,
,,21,
,,31,
,,57,
,,67,
,,99,
,,176,
,,318,
,,369,
,,283,
,,228,
,,251,
,,349,
,,455,
,,517,
,,647,
,,698,
,,793,
,,870,
,,774,
,,588,
,,459,
,,306,
,,175,
,,133,
,,16,
,,10,
,,25,
,,24,
,,34,
,,24,
,,35,
,,63,
,,89,
,,111,
,,155,
,,197,
,,436,
,,593,
,,523,
,,415,
,,471,
,,543,
,,671,
,,614,
,,611,
,,599,
,,519,
,,359,
,,143,
,,45,
,,13,
,,5,
,,11,
,,5,
,,1,
,,0,
,,2,
,,7,
,,3,
,,8,
,,4,
,,5,
,,3,
,,6,
,,9,
,,7,
,,5,
,,7,
,,5,
,,6,
,,4,
,,5,
,,7,
,,5,
,,3,
,,2,
,,2,
,,0,
,,3,
,,2,
,,3,
,,2,
,,1,
,,2,
,,1,
,,2,
,,4,
,,1,
,,3,
,,2,
,,4,
,,7,
,,25,
,,38,
,,53,
,,74,
,,88,
,,127,
,,80,
,,40,
,,22,
,,12,
,,23,
,,19,
,,24,
,,36,
,,49,
,,57,
,,77,
,,82,
,,134,
,,146,
,,154,
,,159,
,,170,
,,151,
,,143,
,,105,
,,73,
,,51,
,,42,
,,39,
,,54,
,,99,
,,175,
,,237,
,,355,
,,448,
,,850,
,,1207,
,,1026,
,,845,
,,779,
,,837,
,,492,
,,189,
,,110,
,,65,
,,68,
,,47,
,,53,
,,35,
,,31,
,,35,
,,30,
,,27,
,,26,
,,25,
,,25,
,,29,
,,14,
,,33,
,,34,
,,31,
,,27,
,,53,
,,82,
,,103,
,,168,
,,270,
,,377,
,,528,
,,867,
,,1256,
,,964,
,,733,
,,596,
,,508,
,,476,
,,468,
,,447,
,,457,
,,469,
,,356,
,,306,
,,241,
,,249,
,,217,
,,177,
,,132,
,,101,
,,76,
,,63,
,,40,
,,43,
,,45,
,,26,
,,24,
,,39,
,,18,
,,27,
,,30,
,,22,
,,11,
,,10,
,,19,
,,16,
,,11,
,,17,
,,13,
,,16,
,,21,
,,19,
,,15,
,,19,
,,32,
,,33,
,,29,
,,38,
,,57,
,,82,
,,91,
,,185,
,,288,
,,520,
,,1142,
,,1594,
,,1286,
,,1363,
,,1654,
,,2212,
,,2120,
,,1641,
,,1052,
,,0,
,,0,
,,0,
,,0,
,,0,
,,0,
,,0,
,,0,
,,0,
,,,65+ YR
,,,0
,,,0
,,,0
,,,0
,,,0
,,,0
,,,0
,,,0
,,,0
,,,0
,,,0
,,,0
,,,0
,,,0
,,,0
,,,0
,,,0
,,,0
,,,0
,,,0
,,,0
,,,0
,,,0
,,,0
,,,0
,,,0
,,,0
,,,0
,,,0
,,,0
,,,0
,,,0
,,,0
,,,0
,,,0
,,,0
,,,0
,,,0
,,,0
,,,0
,,,0
,,,0
,,,0
,,,0
,,,0
,,,0
,,,0
,,,0
,,,0
,,,0
,,,0
,,,0
,,,0
,,,0
,,,0
,,,0
,,,0
,,,0
,,,0
,,,0
,,,0
,,,0
,,,0
,,,0
,,,0
,,,0
,,,100
,,,50
,,,20
,,,37.5
,,,63.6
,,,26.7
,,,30.8
,,,43.5
,,,42
,,,34.5
,,,29.5
,,,28.4
,,,38.9
,,,38
,,,43.1
,,,39.8
,,,39.9
,,,41.5
,,,43
,,,41.2
,,,31.2
,,,25.4
,,,21.1
,,,20
,,,27.3
,,,100
,,,0
,,,33.3
,,,100
,,,20
,,,25
,,,100
,,,60
,,,50
,,,31.3
,,,19
,,,27.9
,,,11.1
,,,30.6
,,,37.1
,,,30.4
,,,27
,,,19.7
,,,17.8
,,,16.7
,,,27.8
,,,35.2
,,,32.9
,,,26.7
,,,30.4
,,,33.3
,,,26.3
,,,35.3
,,,43.2
,,,33.3
,,,16.7
,,,0
,,,0
,,,33.3
,,,50
,,,71.4
,,,33.3
,,,23.8
,,,45
,,,50
,,,23.1
,,,19.1
,,,24.6
,,,27.3
,,,30.2
,,,25
,,,33.3
,,,29.8
,,,34.7
,,,40.2
,,,49
,,,51.6
,,,52.6
,,,50.4
,,,55.1
,,,58.7
,,,49.6
,,,52.2
,,,64.8
,,,51.9
,,,0
,,,0
,,,50
,,,36.4
,,,33.3
,,,25
,,,33.3
,,,14.3
,,,36.4
,,,40.9
,,,16.7
,,,6.3
,,,25
,,,8
,,,20
,,,22.2
,,,13.8
,,,23.7
,,,19.4
,,,22.7
,,,16.2
,,,14.9
,,,12.3
,,,21.8
,,,15.3
,,,31.6
,,,19.3
,,,19
,,,20
,,,14.3
,,,8
,,,7.4
,,,7.8
,,,6.3
,,,9.3
,,,6.9
,,,9.2
,,,9.4
,,,9.6
,,,10.4
,,,14.3
,,,16.6
,,,20
,,,8.7
,,,12.5
,,,25
,,,16.9
,,,15.5
,,,21.4
,,,14
,,,10.3
,,,14.8
,,,17.5
,,,7.8
,,,14.6
,,,7
,,,0
,,,10.5
,,,18.5
,,,26.3
,,,17.6
,,,5.6
,,,0
,,,14.3
,,,30.8
,,,33.3
,,,35.3
,,,21.7
,,,12.5
,,,17.6
,,,11.1
,,,20
,,,28.1
,,,23.3
,,,28
,,,29.1
,,,39.8
,,,33.7
,,,31.2
,,,27.8
,,,34.4
,,,32.9
,,,27.9
,,,36.5
,,,31.8
,,,38.1
,,,37.4
,,,40.8
,,,36.9
,,,45.6
,,,46.3
,,,47.6
,,,46
,,,48.5
,,,25
,,,40
,,,25
,,,50
,,,50
,,,0
,,,25
,,,55.6
,,,11.1
,,,25
,,,31.3
,,,21.4
,,,42.3
,,,41.7
,,,45.5
,,,43.5
,,,55.2
,,,46.6
,,,32.8
,,,35.2
,,,33.6
,,,41.7
,,,39.9
,,,43.1
,,,36.1
,,,38.2
,,,38.5
,,,46.7
,,,50.9
,,,38.5
,,,36.4
,,,33.3
,,,40
,,,40
,,,20
,,,37
,,,23.7
,,,30.1
,,,39.2
,,,29.1
,,,46.5
,,,47.4
,,,58.7
,,,58.7
,,,59.2
,,,53.1
,,,54.5
,,,53.2
,,,52.4
,,,47.8
,,,34.3
,,,45.9
,,,41.3
,,,33.6
,,,35.4
,,,35.4
,,,32.5
,,,40.7
,,,23.6
,,,32.1
,,,44.4
,,,42.9
,,,63.2
,,,38.1
,,,30.3
,,,26.3
,,,18
,,,18.2
,,,17
,,,19.9
,,,19.5
,,,21.1
,,,25.5
,,,29
,,,25.2
,,,25.6
,,,27.6
,,,29.6
,,,29
,,,27.2
,,,35.5
,,,35.2
,,,41.1
,,,48.1
,,,53.1
,,,42.8
,,,41.2
,,,48.5
,,,45.2
,,,49.8
,,,57.9
,,,41.2
,,,46.9
,,,42.3
,,,20.7
,,,32
,,,41.2
,,,48.1
,,,46.3
,,,50.2
,,,57.5
,,,57.1
,,,64.5
,,,69.7
,,,68.6
,,,67.2
,,,64
,,,65.5
,,,67.8
,,,60.2
,,,58.3
,,,53.8
,,,51.9
,,,51.3
,,,52.5
,,,48.1
,,,49.6
,,,52.1
,,,54.7
,,,52.8
,,,46.1
,,,58.3
,,,46.2
,,,62.5
,,,35.3
,,,37.5
,,,50
,,,36
,,,40
,,,33.3
,,,40
,,,50
,,,52.4
,,,38.6
,,,47.7
,,,46.5
,,,41
,,,35.4
,,,32.5
,,,37.2
,,,29.6
,,,27.1
,,,32.3
,,,32.7
,,,32.3
,,,34.2
,,,38.9
,,,40.5
,,,40.7
,,,43.8
,,,40
,,,48
,,,55.6
,,,55.2
,,,57.9
,,,70.7
,,,51.7
,,,62
,,,49.4
,,,57.4
,,,58.6
,,,50.4
,,,59.3
,,,68.1
,,,68.6
,,,64.1
,,,61.5
,,,59.3
,,,59.6
,,,59
,,,57.6
,,,58.4
,,,60.5
,,,57.8
,,,55.1
,,,56
,,,51
,,,58.1
,,,60
,,,53.3
,,,52.2
,,,48.6
,,,59.4
,,,60.9
,,,54
,,,44
,,,47.5
,,,49.6
,,,51.6
,,,59.2
,,,57.5
,,,55.1
,,,57.6
,,,64.2
,,,64.5
,,,60.2
,,,61.3
,,,58.7
,,,56
,,,51.5
,,,55.4
,,,57.6
,,,58
,,,58.3
,,,61.5
,,,54.3
,,,58.5
,,,58.1
,,,59.8
,,,58.1
,,,55.8
,,,42.9
,,,37.9
,,,46.7
,,,46.7
,,,41.3
,,,39.6
,,,31.3
,,,33
,,,35.4
,,,34
,,,28.6
,,,31.3
,,,37.5
,,,41.7
,,,38.5
,,,36.8
,,,37.1
,,,40.5
,,,45
,,,46.2
,,,48.5
,,,52.4
,,,52.3
,,,54.4
,,,55.2
,,,56.8
,,,58.9
,,,58.7
,,,53.8
,,,56.6
,,,57.1
,,,29.4
,,,50
,,,42.1
,,,49.3
,,,27.6
,,,28.7
,,,34.2
,,,32.8
,,,30.3
,,,30.9
,,,27.9
,,,33.5
,,,38.3
,,,39.6
,,,33.9
,,,35
,,,34.9
,,,38.1
,,,42
,,,41.7
,,,46.6
,,,45
,,,43.5
,,,39
,,,48.9
,,,37.1
,,,29.4
,,,52.4
,,,55.6
,,,100
,,,0
,,,33.3
,,,100
,,,42.9
,,,66.7
,,,30.8
,,,45.5
,,,37.5
,,,35.3
,,,69.2
,,,63.6
,,,38.5
,,,41.2
,,,45.5
,,,75
,,,80
,,,55.6
,,,63.6
,,,83.3
,,,75
,,,40
,,,22.2
,,,0
,,,100
,,,50
,,,75
,,,50
,,,33.3
,,,100
,,,33.3
,,,33.3
,,,33.3
,,,11.1
,,,33.3
,,,25
,,,23.5
,,,29.2
,,,54.3
,,,48.1
,,,42.4
,,,42.8
,,,41.7
,,,45
,,,43.5
,,,33.6
,,,29.3
,,,25.5
,,,43.4
,,,35.2
,,,36.9
,,,43.4
,,,47.6
,,,47.5
,,,42.5
,,,39.2
,,,47.9
,,,46.8
,,,48.7
,,,45.4
,,,47.2
,,,47.2
,,,47.5
,,,47.1
,,,39
,,,36.2
,,,44.7
,,,31.7
,,,33.3
,,,36.4
,,,34.1
,,,32.6
,,,37.6
,,,39.3
,,,41.7
,,,47.4
,,,47.8
,,,45.1
,,,47.5
,,,55.2
,,,56.4
,,,50.3
,,,47.2
,,,48.9
,,,53.5
,,,46.1
,,,59.6
,,,43.2
,,,44.3
,,,47.3
,,,40.5
,,,33.8
,,,35.6
,,,35.7
,,,41
,,,49.2
,,,28
,,,53.2
,,,46.6
,,,39.2
,,,34.6
,,,37.6
,,,35
,,,36
,,,40.4
,,,41.9
,,,42.4
,,,41.6
,,,42.3
,,,46.2
,,,45.5
,,,44.2
,,,46.5
,,,42.1
,,,44.2
,,,43.7
,,,43.7
,,,44.8
,,,46.1
,,,43.2
,,,46.5
,,,42
,,,46.8
,,,42.7
,,,46
,,,46.5
,,,48.6
,,,54.7
,,,54.3
,,,44.4
,,,51.2
,,,54.9
,,,40
,,,48
,,,60.9
,,,38.3
,,,51.9
,,,57.7
,,,64.7
,,,42.3
,,,55.6
,,,59.4
,,,53.3
,,,57.9
,,,58.6
,,,46.4
,,,61.5
,,,56.8
,,,51.4
,,,60
,,,48.7
,,,58.2
,,,51.6
,,,42.6
,,,46.3
,,,46.7
,,,53.2
,,,51.1
,,,51.7
,,,45.3
,,,44.3
,,,48
,,,50.7
,,,50.1
,,,48.7
,,,49.2
,,,53.2
,,,51.6
,,,52.5
,,,54.5
,,,0
,,,0
,,,0
,,,0
,,,0
,,,0
,,,0
,,,0
,,,0
